item,blurb
167532711458,"Pull up a chair for this one: filed under Sheets, ready to buy now. Noted in the title: MNH, se-tenant. Hop over to eBay to see more."
167532711473,"Fresh on the shelf: filed under Sheets, ready to buy now. Noted in the title: MNH, souvenir sheet. Give it a look on eBay and see if it speaks to you."
167532711475,"A little something for the album: filed under Sheets, ready to buy now. Noted in the title: MNH. Come see it on eBay."
167532711477,"A little something for the album: filed under Sheets, ready to buy now. Noted in the title: MNH, plate. Take a peek on eBay."
167532711478,"Pull up a chair for this one: filed under Sheets, ready to buy now. Noted in the title: MNH. Swing by eBay and say hi."
167532711482,"Magnifier at the ready: filed under Sheets, ready to buy now. Noted in the title: MNH, se-tenant. Take a peek on eBay."
167532711491,"Fresh on the shelf: filed under Sheets, ready to buy now. Noted in the title: MNH. Take a peek on eBay."
167532711493,"Pull up a chair for this one: filed under Sheets, ready to buy now. Noted in the title: MNH, plate, se-tenant. Come see it on eBay."
167532711500,"Today's stamp story: filed under Sheets, ready to buy now. Noted in the title: MNH. Come see it on eBay."
167532711508,"Fresh on the shelf: filed under Sheets, ready to buy now. Noted in the title: MNH, se-tenant. Come see it on eBay."
167532711509,"Look what turned up: filed under Sheets, ready to buy now. Noted in the title: MNH, se-tenant. Come see it on eBay."
167532712095,"Come say hello to this one: filed under Sheets, ready to buy now. Noted in the title: MNH, plate. It's waiting for you on eBay."
167532712097,"A little something for the album: filed under Sheets, ready to buy now. Noted in the title: MNH. Have a look on eBay."
167532712099,"Today's stamp story: filed under Sheets, ready to buy now. Noted in the title: MNH, plate. Hop over to eBay to see more."
167532712103,"Fresh on the shelf: filed under Sheets, ready to buy now. Noted in the title: MNH, plate. Hop over to eBay to see more."
167532712112,"Magnifier at the ready: filed under Sheets, ready to buy now. Noted in the title: MNH. The full details are on eBay."
167532712123,"Look what turned up: filed under Sheets, ready to buy now. Noted in the title: MNH, plate. Swing by eBay and say hi."
167532712128,"Here's one with a story to tell: filed under Sheets, ready to buy now. Noted in the title: MNH. Give it a look on eBay and see if it speaks to you."
167532712130,"Tweezers out, friends: filed under Sheets, ready to buy now. Noted in the title: MNH. Swing by eBay and say hi."
167532712134,"Pull up a chair for this one: filed under Sheets, ready to buy now. Noted in the title: MNH. Come see it on eBay."
168267327950,"Today's stamp story: filed under Collections, Lots, ready to buy now. Give it a look on eBay and see if it speaks to you."
168269262739,"Fresh on the shelf: filed under Revenues, ready to buy now. Take a peek on eBay."
168402099002,"Look what turned up: filed under Sheets, ready to buy now. Noted in the title: MNH, se-tenant. Come see it on eBay."
168402099014,"Here's one with a story to tell: filed under Sheets, ready to buy now. Noted in the title: MNH, plate. Swing by eBay and say hi."
168402099046,"Come say hello to this one: filed under Sheets, ready to buy now. Noted in the title: MNH. Take a peek on eBay."
168402099084,"Tweezers out, friends: filed under Sheets, ready to buy now. Noted in the title: MNH. The full details are on eBay."
168402099690,"Come say hello to this one: filed under Sheets, ready to buy now. Noted in the title: MNH. Hop over to eBay to see more."
168402099699,"Tweezers out, friends: filed under Sheets, ready to buy now. Noted in the title: MNH. Hop over to eBay to see more."
168402099702,"Part of the StampedeUSA herd: filed under Sheets, ready to buy now. Noted in the title: MNH. Hop over to eBay to see more."
168402099703,"Tweezers out, friends: filed under Revenues, ready to buy now. Noted in the title: mint, no gum. Hop over to eBay to see more."
168402099704,"Pull up a chair for this one: filed under 19th Century: Used, ready to buy now. Noted in the title: used. Have a look on eBay."
168402099712,"Fresh on the shelf: filed under Revenues, ready to buy now. Noted in the title: MNH. The full details are on eBay."
168402099724,"Fresh on the shelf: filed under Sheets, ready to buy now. Noted in the title: MNH. Take a peek on eBay."
168402099725,"Here's one with a story to tell: filed under Revenues, ready to buy now. Take a peek on eBay."
168402099729,"Part of the StampedeUSA herd: filed under Revenues, ready to buy now. Noted in the title: used. Give it a look on eBay and see if it speaks to you."
168402099730,"Pull up a chair for this one: filed under Sheets, ready to buy now. Noted in the title: MNH, plate. Swing by eBay and say hi."
168402099732,"Fresh on the shelf: filed under Booklets, ready to buy now. Noted in the title: MNH. Give it a look on eBay and see if it speaks to you."
168402099743,"Magnifier at the ready: filed under Revenues, ready to buy now. Noted in the title: used, manuscript marking. Have a look on eBay."
168402099747,"Here's one with a story to tell: filed under Revenues, ready to buy now. Noted in the title: used, tear noted. The full details are on eBay."
168402099757,"Magnifier at the ready: filed under Revenues, ready to buy now. Noted in the title: used. Hop over to eBay to see more."
168402099773,"Here's one with a story to tell: filed under Revenues, ready to buy now. Noted in the title: used, perfins. Come see it on eBay."
168402099788,"Tweezers out, friends: filed under Revenues, ready to buy now. Noted in the title: used, perfins. Give it a look on eBay and see if it speaks to you."
168402099803,"Fresh on the shelf: filed under Revenues, ready to buy now. Noted in the title: used, manuscript marking. Take a peek on eBay."
168402099809,"Pull up a chair for this one: filed under Revenues, ready to buy now. Noted in the title: used, perfins. Come see it on eBay."
168402099819,"A little something for the album: filed under Revenues, ready to buy now. Noted in the title: used. Take a peek on eBay."
168402099824,"A little something for the album: filed under Germany & Colonies, ready to buy now. Hop over to eBay to see more."
168402099827,"Come say hello to this one: filed under Postal History, ready to buy now. The full details are on eBay."
168402099832,"Come say hello to this one: filed under Sheets, ready to buy now. Noted in the title: MNH. It's waiting for you on eBay."
168402099857,"Today's stamp story: filed under Germany & Colonies, ready to buy now. Take a peek on eBay."
168402099864,"Part of the StampedeUSA herd: filed under Ukraine, ready to buy now. Have a look on eBay."
168402099869,"Fresh on the shelf: filed under Germany & Colonies, ready to buy now. The full details are on eBay."
168402099890,"Part of the StampedeUSA herd: filed under Postal History, ready to buy now. Have a look on eBay."
168402100711,"Look what turned up: filed under Revenues, ready to buy now. Noted in the title: used. Come see it on eBay."
168402100713,"Look what turned up: filed under Revenues, ready to buy now. Noted in the title: unused, used. Take a peek on eBay."
168402100714,"A little something for the album: filed under Revenues, ready to buy now. Noted in the title: used, manuscript marking. Swing by eBay and say hi."
168402100717,"Part of the StampedeUSA herd: filed under Sheets, ready to buy now. Noted in the title: MNH. Give it a look on eBay and see if it speaks to you."
168402100718,"Today's stamp story: filed under Revenues, ready to buy now. Noted in the title: used, perfins. Come see it on eBay."
168402100720,"Come say hello to this one: filed under Sheets, ready to buy now. Noted in the title: MNH, plate. Have a look on eBay."
168402100723,"Magnifier at the ready: filed under Postal History, ready to buy now. It's waiting for you on eBay."
168402100727,"Here's one with a story to tell: filed under Collections, Lots, ready to buy now. Noted in the title: first day cover. Hop over to eBay to see more."
168402100732,"Today's stamp story: filed under Revenues, ready to buy now. Noted in the title: used, manuscript marking. Have a look on eBay."
168402100737,"Tweezers out, friends: filed under Revenues, ready to buy now. Noted in the title: unused, used, manuscript marking. The full details are on eBay."
168402100739,"Fresh on the shelf: filed under Sheets, ready to buy now. Noted in the title: MNH, souvenir sheet. It's waiting for you on eBay."
168402100740,"Tweezers out, friends: filed under Revenues, ready to buy now. Swing by eBay and say hi."
168402100741,"Come say hello to this one: filed under Revenues, ready to buy now. Noted in the title: used, manuscript marking. Swing by eBay and say hi."
168402100742,"Magnifier at the ready: filed under Sheets, ready to buy now. Noted in the title: MNH. Give it a look on eBay and see if it speaks to you."
168402100743,"Tweezers out, friends: filed under Sheets, ready to buy now. Noted in the title: MNH, plate. Give it a look on eBay and see if it speaks to you."
168402100752,"Today's stamp story: filed under Sheets, ready to buy now. Noted in the title: MNH, se-tenant. Swing by eBay and say hi."
168402100754,"A little something for the album: filed under Sheets, ready to buy now. Noted in the title: MNH. Take a peek on eBay."
168402100757,"Part of the StampedeUSA herd: filed under Sheets, ready to buy now. Noted in the title: MNH. Come see it on eBay."
168402100758,"Look what turned up: filed under Philippines, ready to buy now. Noted in the title: MNH. Give it a look on eBay and see if it speaks to you."
168402100764,"Pull up a chair for this one: filed under Sheets, ready to buy now. Noted in the title: MNH, plate. It's waiting for you on eBay."
168402100768,"Come say hello to this one: filed under Postal History, ready to buy now. Hop over to eBay to see more."
168402100773,"Fresh on the shelf: filed under Revenues, ready to buy now. Noted in the title: used, manuscript marking. Hop over to eBay to see more."
168402100776,"Part of the StampedeUSA herd: filed under Revenues, ready to buy now. It's waiting for you on eBay."
168402100780,"A little something for the album: filed under Revenues, ready to buy now. Noted in the title: used, manuscript marking. Have a look on eBay."
168402100784,"Here's one with a story to tell: filed under Sheets, ready to buy now. Noted in the title: MNH. The full details are on eBay."
168402100785,"Here's one with a story to tell: filed under Postal History, ready to buy now. Noted in the title: first day cover. The full details are on eBay."
168402100786,"Fresh on the shelf: filed under Sheets, ready to buy now. Noted in the title: MNH, souvenir sheet. Hop over to eBay to see more."
168402100791,"Here's one with a story to tell: filed under Revenues, ready to buy now. Noted in the title: MNG. It's waiting for you on eBay."
168402100793,"Pull up a chair for this one: filed under Sheets, ready to buy now. Noted in the title: MNH. Have a look on eBay."
168402100795,"Part of the StampedeUSA herd: filed under Sheets, ready to buy now. Noted in the title: MNH. Hop over to eBay to see more."
168402100796,"A little something for the album: filed under China, ready to buy now. Noted in the title: MNH. The full details are on eBay."
168402100798,"Pull up a chair for this one: filed under Revenues, ready to buy now. Noted in the title: used. It's waiting for you on eBay."
168402100810,"Come say hello to this one: filed under Revenues, ready to buy now. The full details are on eBay."
168402100815,"Here's one with a story to tell: filed under Revenues, ready to buy now. Noted in the title: used, perfins, manuscript marking. Have a look on eBay."
168402100816,"Today's stamp story: filed under Sheets, ready to buy now. Noted in the title: MNH, plate. It's waiting for you on eBay."
168402100830,"Tweezers out, friends: filed under Revenues, ready to buy now. Noted in the title: used, manuscript marking. Give it a look on eBay and see if it speaks to you."
168402100838,"Magnifier at the ready: filed under Sheets, ready to buy now. Noted in the title: souvenir sheet. Give it a look on eBay and see if it speaks to you."
168402100850,"Come say hello to this one: filed under Postal History, ready to buy now. It's waiting for you on eBay."
168402100856,"Look what turned up: filed under Revenues, ready to buy now. Noted in the title: used, perfins. The full details are on eBay."
168402100864,"Come say hello to this one: filed under Revenues, ready to buy now. Noted in the title: used. Give it a look on eBay and see if it speaks to you."
168402100879,"Come say hello to this one: filed under Sheets, ready to buy now. Noted in the title: MNH. Come see it on eBay."
168402100883,"Today's stamp story: filed under Postal History, ready to buy now. Give it a look on eBay and see if it speaks to you."
168402100892,"Part of the StampedeUSA herd: filed under Revenues, ready to buy now. Noted in the title: used. Swing by eBay and say hi."
168402100893,"Tweezers out, friends: filed under Sheets, ready to buy now. Noted in the title: MNH. Swing by eBay and say hi."
168402100894,"Today's stamp story: filed under Revenues, ready to buy now. Noted in the title: used, manuscript marking. Take a peek on eBay."
168402100902,"A little something for the album: filed under Sheets, ready to buy now. Noted in the title: MNH, souvenir sheet. Give it a look on eBay and see if it speaks to you."
168411291986,"Tweezers out, friends: filed under Italy, ready to buy now. Noted in the title: used. Hop over to eBay to see more."
168411291990,"A little something for the album: filed under Collections, Lots, ready to buy now. Noted in the title: used. It's waiting for you on eBay."
168411291994,"Look what turned up: filed under Collections, Lots, ready to buy now. Hop over to eBay to see more."
168411292003,"Part of the StampedeUSA herd: filed under Collections, Lots, ready to buy now. Swing by eBay and say hi."
168411292005,"Today's stamp story: filed under Collections, Lots, ready to buy now. Take a peek on eBay."
168438793993,"Tweezers out, friends: filed under Postal History, ready to buy now. Come see it on eBay."
168459047378,"Today's stamp story: filed under Postal History, ready to buy now. Come see it on eBay."
168478733836,"Look what turned up: filed under 19th Century: Used, ready to buy now. Noted in the title: used. Come see it on eBay."
168478733837,"Pull up a chair for this one: filed under 19th Century: Used, ready to buy now. Noted in the title: used. Come see it on eBay."
168478733840,"Here's one with a story to tell: filed under 19th Century: Used, ready to buy now. Noted in the title: used. Have a look on eBay."
168478733844,"A little something for the album: filed under Collections, Lots, ready to buy now. Noted in the title: MNH. The full details are on eBay."
168478733845,"A little something for the album: filed under 19th Century: Used, ready to buy now. Noted in the title: used. The full details are on eBay."
168478733847,"Magnifier at the ready: filed under 19th Century: Used, ready to buy now. Noted in the title: used. Hop over to eBay to see more."
168478780613,"Today's stamp story: filed under Postal History, ready to buy now. Give it a look on eBay and see if it speaks to you."
168478780614,"A little something for the album: filed under Postal History, ready to buy now. Come see it on eBay."
168478780615,"Part of the StampedeUSA herd: filed under Revenues, ready to buy now. Come see it on eBay."
168478780616,"Magnifier at the ready: filed under Postal History, ready to buy now. Take a peek on eBay."
168478870069,"Come say hello to this one: filed under Sheets, ready to buy now. Noted in the title: MNH, plate. Have a look on eBay."
168478888181,"Pull up a chair for this one: filed under Revenues, ready to buy now. Noted in the title: perfins. Have a look on eBay."
168478888182,"Fresh on the shelf: filed under Postal History, ready to buy now. It's waiting for you on eBay."
168478888185,"Magnifier at the ready: filed under Postal History, ready to buy now. The full details are on eBay."
168478946589,"A little something for the album: filed under Sheets, ready to buy now. Noted in the title: MNH. It's waiting for you on eBay."
168479066584,"Today's stamp story: filed under Sheets, ready to buy now. Noted in the title: MNH, plate. The full details are on eBay."
168479067617,"Tweezers out, friends: filed under Revenues, ready to buy now. Swing by eBay and say hi."
168479272872,"Magnifier at the ready: filed under Sheets, ready to buy now. Noted in the title: MNH. It's waiting for you on eBay."
168479300394,"Magnifier at the ready: filed under Sheets, ready to buy now. Noted in the title: MNH. It's waiting for you on eBay."
168479391615,"Here's one with a story to tell: filed under Sheets, ready to buy now. Noted in the title: MNH. The full details are on eBay."
168479400673,"Tweezers out, friends: filed under Sheets, ready to buy now. Noted in the title: MNH. Come see it on eBay."
168479408089,"Tweezers out, friends: filed under Sheets, ready to buy now. Noted in the title: MNH. Take a peek on eBay."
168479430017,"Here's one with a story to tell: filed under Sheets, ready to buy now. Noted in the title: MNH. Give it a look on eBay and see if it speaks to you."
168479445526,"Look what turned up: filed under Sheets, ready to buy now. Noted in the title: MNH. Come see it on eBay."
168479463745,"Here's one with a story to tell: filed under Sheets, ready to buy now. Noted in the title: MNH. Hop over to eBay to see more."
168479667118,"Pull up a chair for this one: filed under Sheets, ready to buy now. Noted in the title: MNH. Swing by eBay and say hi."
168479680998,"Look what turned up: filed under Sheets, ready to buy now. Noted in the title: MNH. Take a peek on eBay."
168533098117,"Here's one with a story to tell: filed under Postal History, ready to buy now. Come see it on eBay."
168533131342,"Pull up a chair for this one: filed under Postal History, ready to buy now. Come see it on eBay."
168533203061,"Fresh on the shelf: filed under Postal History, ready to buy now. Give it a look on eBay and see if it speaks to you."
168533223523,"A little something for the album: filed under Postal History, ready to buy now. Come see it on eBay."
168533228074,"Part of the StampedeUSA herd: filed under Postal History, ready to buy now. Swing by eBay and say hi."
168533236404,"Come say hello to this one: filed under Postal History, ready to buy now. Swing by eBay and say hi."
168533251374,"Look what turned up: filed under Postal History, ready to buy now. Take a peek on eBay."
168533254824,"Today's stamp story: filed under Postal History, ready to buy now. It's waiting for you on eBay."
168533381584,"A little something for the album: filed under Vatican, ready to buy now. Noted in the title: MNH. Hop over to eBay to see more."
168579135620,"Fresh on the shelf: filed under Victoria, ready to buy now. Noted in the title: used, perfins. It's waiting for you on eBay."
168580469707,"Fresh on the shelf: filed under 19th Century: Unused, ready to buy now. Take a peek on eBay."
168580483841,"Come say hello to this one: filed under 19th Century: Unused, ready to buy now. Noted in the title: mint. Come see it on eBay."
168580489973,"Part of the StampedeUSA herd: filed under 19th Century: Unused, ready to buy now. Come see it on eBay."
168580492872,"Part of the StampedeUSA herd: filed under 19th Century: Unused, ready to buy now. Swing by eBay and say hi."
168580498658,"A little something for the album: filed under 19th Century: Unused, ready to buy now. Noted in the title: mint. It's waiting for you on eBay."
168580500266,"Look what turned up: filed under 19th Century: Unused, ready to buy now. Give it a look on eBay and see if it speaks to you."
168580511786,"Pull up a chair for this one: filed under 1901-40: Unused, ready to buy now. Noted in the title: MNH. Swing by eBay and say hi."
168580907723,"Here's one with a story to tell: filed under Revenues, ready to buy now. Noted in the title: unused. Hop over to eBay to see more."
168581119374,"Look what turned up: filed under Revenues, ready to buy now. Noted in the title: used, perfins. Come see it on eBay."
168581119542,"Fresh on the shelf: filed under Revenues, ready to buy now. Noted in the title: used, perfins. It's waiting for you on eBay."
168581120279,"Here's one with a story to tell: filed under Revenues, ready to buy now. Noted in the title: used, manuscript marking. Have a look on eBay."
168581421738,"Magnifier at the ready: filed under Revenues, ready to buy now. It's waiting for you on eBay."
168585925287,"Here's one with a story to tell: filed under Postal History, ready to buy now. Swing by eBay and say hi."
168585926636,"Magnifier at the ready: filed under Postal History, ready to buy now. It's waiting for you on eBay."
168585928629,"Today's stamp story: filed under Postal History, ready to buy now. Take a peek on eBay."
168585953007,"Fresh on the shelf: filed under Postal History, ready to buy now. Take a peek on eBay."
168585953891,"Look what turned up: filed under Postal History, ready to buy now. Hop over to eBay to see more."
168585955254,"Come say hello to this one: filed under Postal History, ready to buy now. The full details are on eBay."
168586248887,"Magnifier at the ready: filed under Victoria, ready to buy now. Hop over to eBay to see more."
168586273661,"Part of the StampedeUSA herd: filed under Victoria, ready to buy now. Noted in the title: used. Hop over to eBay to see more."
168588334362,"Part of the StampedeUSA herd: filed under Victoria, ready to buy now. Noted in the title: used. Have a look on eBay."
168588381660,"Magnifier at the ready: filed under Japan, ready to buy now. Noted in the title: mint. Take a peek on eBay."
168588383776,"Part of the StampedeUSA herd: filed under Japan, ready to buy now. Noted in the title: used. The full details are on eBay."
168588389597,"Part of the StampedeUSA herd: filed under Japan, ready to buy now. Noted in the title: used. Hop over to eBay to see more."
168588411301,"A little something for the album: filed under Norway, ready to buy now. Noted in the title: mint. Hop over to eBay to see more."
168588438525,"Look what turned up: filed under Norway, ready to buy now. Come see it on eBay."
168588441771,"Look what turned up: filed under Norway, ready to buy now. Noted in the title: mint, souvenir sheet. The full details are on eBay."
168588505656,"Look what turned up: filed under Switzerland, ready to buy now. Noted in the title: used. Come see it on eBay."
168588557695,"Magnifier at the ready: filed under Tanzania, ready to buy now. Noted in the title: MNH. Take a peek on eBay."
168588582931,"Here's one with a story to tell: filed under Liechtenstein, ready to buy now. Noted in the title: mint. Hop over to eBay to see more."
168588614808,"Tweezers out, friends: filed under Jazz & Big Band, ready to buy now. Come see it on eBay."
168588801353,"Come say hello to this one: filed under Japan, ready to buy now. Noted in the title: mint. It's waiting for you on eBay."
168588831043,"Come say hello to this one: filed under Switzerland, ready to buy now. Noted in the title: mint. The full details are on eBay."
168611657749,"Come say hello to this one: filed under Sheets, ready to buy now. Noted in the title: souvenir sheet. Take a peek on eBay."
168614134453,"Today's stamp story: filed under Germany & Colonies, ready to buy now. Noted in the title: MNH, plate. It's waiting for you on eBay."
168614733162,"Today's stamp story: filed under Sheets, ready to buy now. Noted in the title: MNH, souvenir sheet. Come see it on eBay."
168614799451,"Part of the StampedeUSA herd: filed under Collections, Lots, ready to buy now. Noted in the title: MNH, mint. Come see it on eBay."
168726563016,"Tweezers out, friends: filed under Sheets, ready to buy now. Noted in the title: MNH. Swing by eBay and say hi."
168726563017,"Come say hello to this one: filed under Sheets, ready to buy now. Noted in the title: MNH, plate. Swing by eBay and say hi."
168726563018,"Today's stamp story: filed under Sheets, ready to buy now. Noted in the title: MNH, plate. Take a peek on eBay."
168726563019,"Fresh on the shelf: filed under Sheets, ready to buy now. Noted in the title: MNH, plate. Take a peek on eBay."
168726564286,"A little something for the album: filed under Revenues, ready to buy now. Noted in the title: used. Have a look on eBay."
168747230624,"Come say hello to this one: filed under 1901-40: Unused, up for auction. Noted in the title: MNH. Come see it on eBay."
168747230626,"Tweezers out, friends: filed under 1901-40: Unused, up for auction. Noted in the title: MNH, plate. Take a peek on eBay."
168747230650,"Come say hello to this one: filed under 1901-40: Unused, up for auction. Noted in the title: MNH. It's waiting for you on eBay."
168747230653,"Magnifier at the ready: filed under Other US Back of Book Stamps, up for auction. Noted in the title: MNH. Have a look on eBay."
168747230658,"A little something for the album: filed under 1901-40: Unused, up for auction. It's waiting for you on eBay."
168747230660,"Fresh on the shelf: filed under Other US Event Stamp Covers, up for auction. Noted in the title: used. Take a peek on eBay."
168747230661,"Look what turned up: filed under 1901-40: Unused, up for auction. Noted in the title: MNH. Take a peek on eBay."
168747230677,"Here's one with a story to tell: filed under 1901-40: Unused, up for auction. Give it a look on eBay and see if it speaks to you."
168747230678,"Magnifier at the ready: filed under Postal Cards & Stationery, up for auction. Noted in the title: MNG. Come see it on eBay."
168747230687,"A little something for the album: filed under 1901-40: Unused, up for auction. Noted in the title: MNH. Take a peek on eBay."
168747230689,"Here's one with a story to tell: filed under 19th Century: Used, up for auction. Noted in the title: used. Swing by eBay and say hi."
168747230690,"Come say hello to this one: filed under 1901-40: Unused, up for auction. Noted in the title: MNH. Give it a look on eBay and see if it speaks to you."
168747230691,"Part of the StampedeUSA herd: filed under 1901-40: Unused, up for auction. Noted in the title: MNH. Give it a look on eBay and see if it speaks to you."
168747230697,"Today's stamp story: filed under 1901-40: Unused, up for auction. Noted in the title: MNG, no gum. Come see it on eBay."
168747230699,"Come say hello to this one: filed under First Flight, up for auction. Noted in the title: used. Give it a look on eBay and see if it speaks to you."
168747230704,"Today's stamp story: filed under 19th Century: Unused, up for auction. Noted in the title: MNG. Come see it on eBay."
168747230705,"Here's one with a story to tell: filed under 19th Century: Unused, up for auction. Noted in the title: MNG. Come see it on eBay."
168747230708,"Tweezers out, friends: filed under 1901-40: Unused, up for auction. Swing by eBay and say hi."
168747230711,"Fresh on the shelf: filed under Revenues, up for auction. Noted in the title: MNG. Give it a look on eBay and see if it speaks to you."
168747230716,"A little something for the album: filed under Duck Stamps, up for auction. Noted in the title: used. Come see it on eBay."
168747230719,"Look what turned up: filed under 1901-40: Unused, up for auction. Give it a look on eBay and see if it speaks to you."
168747230732,"Here's one with a story to tell: filed under 1901-40: Unused, up for auction. Hop over to eBay to see more."
168747230734,"Magnifier at the ready: filed under Postal History, up for auction. Noted in the title: used. Have a look on eBay."
168747230736,"A little something for the album: filed under 1901-40: Unused, up for auction. Noted in the title: MNG. It's waiting for you on eBay."
168747230738,"Today's stamp story: filed under Air Mail, up for auction. Noted in the title: MNH. The full details are on eBay."
168747230739,"Pull up a chair for this one: filed under Other US Event Stamp Covers, up for auction. Noted in the title: used. The full details are on eBay."
168747230740,"A little something for the album: filed under Other US Event Stamp Covers, up for auction. Noted in the title: used. Take a peek on eBay."
168747230746,"Pull up a chair for this one: filed under 1901-40: Unused, up for auction. Noted in the title: MNH. Swing by eBay and say hi."
168747230749,"Tweezers out, friends: filed under 1901-40: Unused, up for auction. Take a peek on eBay."
168747230757,"Come say hello to this one: filed under Other US Event Stamp Covers, up for auction. Noted in the title: used. Give it a look on eBay and see if it speaks to you."
168747230758,"Pull up a chair for this one: filed under 1901-40: Unused, up for auction. Come see it on eBay."
168747230761,"Come say hello to this one: filed under 1901-40: Unused, up for auction. Noted in the title: MNH. Have a look on eBay."
168747230764,"Here's one with a story to tell: filed under Possessions, up for auction. Noted in the title: MNG. The full details are on eBay."
168747230768,"Magnifier at the ready: filed under Possessions, up for auction. Noted in the title: MNH. Have a look on eBay."
168747230769,"A little something for the album: filed under First Flight, up for auction. Noted in the title: used. Have a look on eBay."
168747230772,"Fresh on the shelf: filed under 19th Century: Unused, up for auction. Have a look on eBay."
168747230773,"Fresh on the shelf: filed under Air Mail, up for auction. Noted in the title: MNH. Have a look on eBay."
168747230776,"Part of the StampedeUSA herd: filed under Postal History, up for auction. Noted in the title: used. The full details are on eBay."
168747230782,"Tweezers out, friends: filed under First Flight, up for auction. Noted in the title: used. The full details are on eBay."
168747230783,"Magnifier at the ready: filed under 19th Century: Unused, up for auction. The full details are on eBay."
168747230790,"Here's one with a story to tell: filed under 19th Century: Unused, up for auction. The full details are on eBay."
168747230792,"Here's one with a story to tell: filed under Other US Event Stamp Covers, up for auction. Noted in the title: used. Hop over to eBay to see more."
168747230793,"Here's one with a story to tell: filed under First Flight, up for auction. Noted in the title: used. Hop over to eBay to see more."
168747230795,"Part of the StampedeUSA herd: filed under 1901-40: Unused, up for auction. Noted in the title: MNH. Have a look on eBay."
168747230796,"Tweezers out, friends: filed under Pre-1930, up for auction. Noted in the title: used. It's waiting for you on eBay."
168747230797,"A little something for the album: filed under Other US Back of Book Stamps, up for auction. Noted in the title: MNH. It's waiting for you on eBay."
168747230800,"Here's one with a story to tell: filed under 1901-40: Unused, up for auction. Noted in the title: MNH. Have a look on eBay."
168747230801,"Today's stamp story: filed under Postal History, up for auction. Noted in the title: used. Have a look on eBay."
168747230802,"Today's stamp story: filed under 1901-40: Unused, up for auction. Noted in the title: MNH. It's waiting for you on eBay."
168747230805,"Magnifier at the ready: filed under 1901-40: Unused, up for auction. Noted in the title: MNH. The full details are on eBay."
168747230808,"Here's one with a story to tell: filed under Air Mail, up for auction. Noted in the title: MNH, plate. Have a look on eBay."
168747230814,"Today's stamp story: filed under 1901-40: Unused, up for auction. Noted in the title: MNH. Hop over to eBay to see more."
168747230815,"Pull up a chair for this one: filed under Postal History, up for auction. Noted in the title: used. Hop over to eBay to see more."
168747230817,"Fresh on the shelf: filed under 1901-Now: Used, up for auction. Noted in the title: used. The full details are on eBay."
168747230821,"Pull up a chair for this one: filed under 1901-40: Unused, up for auction. Take a peek on eBay."
168747230826,"Magnifier at the ready: filed under Air Mail, up for auction. Swing by eBay and say hi."
168747230827,"Tweezers out, friends: filed under First Flight, up for auction. Noted in the title: used. Swing by eBay and say hi."
168747230833,"Part of the StampedeUSA herd: filed under Other US Event Stamp Covers, up for auction. Noted in the title: used. Take a peek on eBay."
168747230834,"Pull up a chair for this one: filed under 1901-40: Unused, up for auction. Swing by eBay and say hi."
168747230837,"Fresh on the shelf: filed under 1901-40: Unused, up for auction. Noted in the title: MNH. Give it a look on eBay and see if it speaks to you."
168747230838,"Part of the StampedeUSA herd: filed under 1901-40: Unused, up for auction. Noted in the title: MNH. Come see it on eBay."
168747230843,"Look what turned up: filed under 19th Century: Unused, up for auction. Noted in the title: MNG, no gum. The full details are on eBay."
168747230846,"Magnifier at the ready: filed under 1901-40: Unused, up for auction. Noted in the title: MNH. Have a look on eBay."
168747230852,"Come say hello to this one: filed under 1901-40: Unused, up for auction. Noted in the title: MNH. Hop over to eBay to see more."
168747230855,"Today's stamp story: filed under 1901-40: Unused, up for auction. Noted in the title: MNG. Have a look on eBay."
168747230860,"Look what turned up: filed under First Flight, up for auction. Noted in the title: used. Swing by eBay and say hi."
168747230877,"Pull up a chair for this one: filed under Covers, up for auction. Noted in the title: used. Come see it on eBay."
168747230882,"Look what turned up: filed under Air Mail, up for auction. Come see it on eBay."
168747230885,"A little something for the album: filed under Possessions, up for auction. Give it a look on eBay and see if it speaks to you."
168747230887,"Come say hello to this one: filed under 1901-40: Unused, up for auction. Swing by eBay and say hi."
168747230897,"Look what turned up: filed under 1901-40: Unused, up for auction. Noted in the title: MNH. Give it a look on eBay and see if it speaks to you."
168747230906,"Look what turned up: filed under Postal History, up for auction. Noted in the title: used. Swing by eBay and say hi."
168747230907,"Here's one with a story to tell: filed under Postal History, up for auction. Noted in the title: used. Swing by eBay and say hi."
168747230909,"Magnifier at the ready: filed under First Flight, up for auction. Noted in the title: used. Take a peek on eBay."
168747230924,"Today's stamp story: filed under 1901-40: Unused, up for auction. Noted in the title: MNG. The full details are on eBay."
168747230944,"Here's one with a story to tell: filed under 1901-40: Unused, up for auction. Come see it on eBay."
168747230962,"Part of the StampedeUSA herd: filed under 1901-40: Unused, up for auction. Noted in the title: MNH. The full details are on eBay."
168747231006,"Look what turned up: filed under 1901-40: Unused, up for auction. Come see it on eBay."
168752053135,"Magnifier at the ready: filed under 1901-40: Unused, ready to buy now. Noted in the title: MNH. Have a look on eBay."
168756442150,"Pull up a chair for this one: filed under Revenues, up for auction. Noted in the title: used. Come see it on eBay."
168756442152,"Today's stamp story: filed under Revenues, up for auction. Noted in the title: used, manuscript marking. Take a peek on eBay."
168756442173,"Today's stamp story: filed under Revenues, up for auction. Have a look on eBay."
168756442187,"Fresh on the shelf: filed under Revenues, up for auction. Have a look on eBay."
168756442189,"A little something for the album: filed under Revenues, up for auction. Noted in the title: used, manuscript marking. Hop over to eBay to see more."
168756442197,"Part of the StampedeUSA herd: filed under Revenues, up for auction. Noted in the title: used, perfins. It's waiting for you on eBay."
168756442200,"Fresh on the shelf: filed under Revenues, up for auction. Noted in the title: used. It's waiting for you on eBay."
168756442207,"Come say hello to this one: filed under Revenues, up for auction. Noted in the title: used. The full details are on eBay."
168756442218,"Tweezers out, friends: filed under Revenues, up for auction. Noted in the title: mint, manuscript marking. Have a look on eBay."
168756442219,"Come say hello to this one: filed under Revenues, up for auction. Noted in the title: used. Have a look on eBay."
168756442228,"Today's stamp story: filed under Revenues, up for auction. Noted in the title: used. Come see it on eBay."
168756442240,"Pull up a chair for this one: filed under Revenues, up for auction. Noted in the title: used. The full details are on eBay."
168756442244,"Part of the StampedeUSA herd: filed under Revenues, up for auction. Noted in the title: used, manuscript marking. Have a look on eBay."
168756442247,"Come say hello to this one: filed under Revenues, up for auction. Noted in the title: used. It's waiting for you on eBay."
168756442253,"Tweezers out, friends: filed under Revenues, up for auction. The full details are on eBay."
168756442255,"Today's stamp story: filed under Revenues, up for auction. Noted in the title: used. It's waiting for you on eBay."
168756442260,"Today's stamp story: filed under Revenues, up for auction. Noted in the title: unused. Give it a look on eBay and see if it speaks to you."
168756442262,"Here's one with a story to tell: filed under Revenues, up for auction. Noted in the title: manuscript marking. Swing by eBay and say hi."
168756442264,"Tweezers out, friends: filed under Revenues, up for auction. Noted in the title: MNH. Take a peek on eBay."
168756442276,"Fresh on the shelf: filed under Revenues, up for auction. Noted in the title: MNH, used. Take a peek on eBay."
168756442277,"Here's one with a story to tell: filed under Revenues, up for auction. Noted in the title: used. Take a peek on eBay."
168756442285,"Magnifier at the ready: filed under Revenues, up for auction. Noted in the title: used. Swing by eBay and say hi."
168756442288,"Fresh on the shelf: filed under Revenues, up for auction. Noted in the title: used. Come see it on eBay."
168756442290,"Part of the StampedeUSA herd: filed under Revenues, up for auction. Noted in the title: used, manuscript marking. Take a peek on eBay."
168756442294,"Today's stamp story: filed under Revenues, up for auction. Noted in the title: used. Give it a look on eBay and see if it speaks to you."
168756442318,"Fresh on the shelf: filed under Revenues, up for auction. Noted in the title: used, manuscript marking. Take a peek on eBay."
168756917390,"Fresh on the shelf: filed under Other US Event Stamp Covers, ready to buy now. The full details are on eBay."
168756917395,"Part of the StampedeUSA herd: filed under Other US Event Stamp Covers, ready to buy now. Have a look on eBay."
168756917396,"Part of the StampedeUSA herd: filed under Sheets, ready to buy now. Noted in the title: MNH, plate. It's waiting for you on eBay."
168756917400,"Fresh on the shelf: filed under Sheets, ready to buy now. Noted in the title: MNH, plate, se-tenant. It's waiting for you on eBay."
168756917402,"Fresh on the shelf: filed under Sheets, ready to buy now. Noted in the title: MNH, plate, se-tenant. Have a look on eBay."
168756917405,"A little something for the album: filed under Sheets, ready to buy now. Noted in the title: MNH, plate, se-tenant. Hop over to eBay to see more."
168756917406,"Tweezers out, friends: filed under Duck Stamps, ready to buy now. The full details are on eBay."
168759325093,"A little something for the album: filed under France & Colonies, ready to buy now. Take a peek on eBay."
168759325096,"Look what turned up: filed under Victoria, ready to buy now. Noted in the title: used. Give it a look on eBay and see if it speaks to you."
168759325097,"Today's stamp story: filed under Collections, Lots, ready to buy now. Give it a look on eBay and see if it speaks to you."
168759380848,"A little something for the album: filed under Sheets, ready to buy now. Noted in the title: MNH. The full details are on eBay."
168759380849,"Magnifier at the ready: filed under Sheets, ready to buy now. Noted in the title: MNH. The full details are on eBay."
168759380850,"Fresh on the shelf: filed under Sheets, ready to buy now. Noted in the title: MNH. Hop over to eBay to see more."
168759380855,"A little something for the album: filed under Sheets, ready to buy now. Noted in the title: MNH. It's waiting for you on eBay."
168759380856,"Part of the StampedeUSA herd: filed under Sheets, ready to buy now. Noted in the title: MNH. Have a look on eBay."
168759380858,"Here's one with a story to tell: filed under Sheets, ready to buy now. Noted in the title: MNH. Hop over to eBay to see more."
168759380862,"Tweezers out, friends: filed under Postal Cards & Stationery, ready to buy now. Noted in the title: MNG. Swing by eBay and say hi."
168759380868,"Part of the StampedeUSA herd: filed under Germany & Colonies, ready to buy now. Noted in the title: MNH. Give it a look on eBay and see if it speaks to you."
168759380871,"Pull up a chair for this one: filed under United Nations, ready to buy now. Noted in the title: used. Swing by eBay and say hi."
168759487945,"Fresh on the shelf: filed under Collections, Lots, ready to buy now. Noted in the title: MNH. Take a peek on eBay."
168759487948,"Come say hello to this one: filed under Sheets, ready to buy now. Noted in the title: MNH. Give it a look on eBay and see if it speaks to you."
168759487949,"Come say hello to this one: filed under Sheets, ready to buy now. Noted in the title: MNH, plate. Give it a look on eBay and see if it speaks to you."
168759487953,"Here's one with a story to tell: filed under Panama, ready to buy now. Noted in the title: MNH, souvenir sheet. Give it a look on eBay and see if it speaks to you."
168759487954,"Magnifier at the ready: filed under Sheets, ready to buy now. Noted in the title: MNH, plate. Come see it on eBay."
168759530334,"Today's stamp story: filed under Sheets, ready to buy now. Noted in the title: MNH. Come see it on eBay."
168759530336,"Fresh on the shelf: filed under Sheets, ready to buy now. Noted in the title: MNH. Take a peek on eBay."
168759530337,"Look what turned up: filed under Sheets, ready to buy now. Noted in the title: MNH. Take a peek on eBay."
168759530338,"Part of the StampedeUSA herd: filed under Sheets, ready to buy now. Noted in the title: MNH. Swing by eBay and say hi."
168759530339,"Come say hello to this one: filed under Postal History, ready to buy now. Swing by eBay and say hi."
168759530340,"Pull up a chair for this one: filed under Sheets, ready to buy now. Noted in the title: MNH. It's waiting for you on eBay."
168759530341,"Fresh on the shelf: filed under Sheets, ready to buy now. Noted in the title: MNH. It's waiting for you on eBay."
168759547000,"Today's stamp story: filed under Collections, Lots, ready to buy now. Give it a look on eBay and see if it speaks to you."
168759567883,"Fresh on the shelf: filed under Japan, ready to buy now. Swing by eBay and say hi."
168759699120,"Tweezers out, friends: filed under 1901-40: Unused, ready to buy now. Noted in the title: MNH, plate. Swing by eBay and say hi."
168759699121,"Magnifier at the ready: filed under Sheets, ready to buy now. Noted in the title: plate. Swing by eBay and say hi."
168759699122,"A little something for the album: filed under 1901-40: Unused, ready to buy now. Give it a look on eBay and see if it speaks to you."
168765226574,"A little something for the album: filed under Sheets, up for auction. Noted in the title: MNH, se-tenant. It's waiting for you on eBay."
168765226577,"Tweezers out, friends: filed under Sheets, up for auction. Noted in the title: MNH, plate. Have a look on eBay."
168765226589,"Tweezers out, friends: filed under Sheets, up for auction. Noted in the title: MNH. It's waiting for you on eBay."
168765226599,"Fresh on the shelf: filed under Sheets, up for auction. Noted in the title: MNH. Have a look on eBay."
168765226600,"Pull up a chair for this one: filed under Sheets, up for auction. Noted in the title: MNH. Hop over to eBay to see more."
168765226604,"Part of the StampedeUSA herd: filed under Sheets, up for auction. Noted in the title: plate. It's waiting for you on eBay."
168765226640,"Look what turned up: filed under Sheets, up for auction. Noted in the title: MNH, plate. Have a look on eBay."
168765226648,"Look what turned up: filed under Sheets, up for auction. Noted in the title: MNH, plate. Have a look on eBay."
168765226653,"Tweezers out, friends: filed under Sheets, up for auction. Noted in the title: MNH, plate. Have a look on eBay."
168765226657,"Here's one with a story to tell: filed under Sheets, up for auction. Noted in the title: MNH. The full details are on eBay."
168765226661,"Today's stamp story: filed under Sheets, up for auction. Noted in the title: MNH, plate. Take a peek on eBay."
168765226667,"Tweezers out, friends: filed under Sheets, up for auction. Noted in the title: MNH, plate. Swing by eBay and say hi."
168765226668,"Fresh on the shelf: filed under Sheets, up for auction. Noted in the title: MNH, se-tenant. Take a peek on eBay."
168765226670,"Come say hello to this one: filed under Sheets, up for auction. Noted in the title: MNH, plate. Come see it on eBay."
168765226672,"Come say hello to this one: filed under Sheets, up for auction. Noted in the title: MNH, plate. Take a peek on eBay."
168765226675,"Fresh on the shelf: filed under Sheets, up for auction. Noted in the title: MNH, plate. Swing by eBay and say hi."
168765226684,"A little something for the album: filed under Sheets, up for auction. Noted in the title: MNH. Come see it on eBay."
168765226689,"Today's stamp story: filed under Sheets, up for auction. Noted in the title: MNH. Swing by eBay and say hi."
168765226696,"Look what turned up: filed under Sheets, up for auction. Noted in the title: MNH, plate. Come see it on eBay."
168765226703,"Part of the StampedeUSA herd: filed under Sheets, up for auction. Noted in the title: MNH. Give it a look on eBay and see if it speaks to you."
168765226713,"Pull up a chair for this one: filed under Sheets, up for auction. Noted in the title: MNH, plate, se-tenant. Swing by eBay and say hi."
168765226717,"Part of the StampedeUSA herd: filed under Sheets, up for auction. Noted in the title: plate. Come see it on eBay."
168765226719,"Here's one with a story to tell: filed under Sheets, up for auction. Noted in the title: MNH, plate. Give it a look on eBay and see if it speaks to you."
168765226724,"Today's stamp story: filed under Sheets, up for auction. Noted in the title: MNH. It's waiting for you on eBay."
168765226726,"Fresh on the shelf: filed under Sheets, up for auction. Noted in the title: MNH, plate. Have a look on eBay."
168765226731,"Here's one with a story to tell: filed under Sheets, up for auction. Noted in the title: MNH. The full details are on eBay."
168765226733,"Today's stamp story: filed under Sheets, up for auction. Noted in the title: MNH. Hop over to eBay to see more."
168765226742,"Magnifier at the ready: filed under Sheets, up for auction. Noted in the title: MNH. Come see it on eBay."
168765226745,"Here's one with a story to tell: filed under Sheets, up for auction. Noted in the title: MNH. Give it a look on eBay and see if it speaks to you."
168765226748,"A little something for the album: filed under Sheets, up for auction. Noted in the title: MNH. Take a peek on eBay."
168765226750,"Pull up a chair for this one: filed under Sheets, up for auction. Noted in the title: MNH. Come see it on eBay."
168765226751,"Today's stamp story: filed under Sheets, up for auction. Noted in the title: MNH, plate. Come see it on eBay."
168765226753,"Look what turned up: filed under Sheets, up for auction. Noted in the title: MNH. Take a peek on eBay."
168765226767,"Fresh on the shelf: filed under Sheets, up for auction. Noted in the title: MNH, plate. Hop over to eBay to see more."
168765226768,"Magnifier at the ready: filed under Sheets, up for auction. Noted in the title: MNH, plate, se-tenant. Have a look on eBay."
168765226780,"Come say hello to this one: filed under Sheets, up for auction. Noted in the title: MNH. Hop over to eBay to see more."
168765226820,"Fresh on the shelf: filed under Sheets, up for auction. Noted in the title: MNH, plate, se-tenant. Take a peek on eBay."
168765226828,"Look what turned up: filed under Sheets, up for auction. Noted in the title: MNH, plate. Take a peek on eBay."
168765226833,"A little something for the album: filed under Sheets, up for auction. Noted in the title: MNH. Take a peek on eBay."
168765226834,"Fresh on the shelf: filed under Sheets, up for auction. Noted in the title: MNH, plate. Swing by eBay and say hi."
168765226835,"Look what turned up: filed under Sheets, up for auction. Noted in the title: MNH. Swing by eBay and say hi."
168765226836,"Pull up a chair for this one: filed under Sheets, up for auction. Noted in the title: MNH, plate, se-tenant. Give it a look on eBay and see if it speaks to you."
168765226837,"Fresh on the shelf: filed under Sheets, up for auction. Noted in the title: MNH. Give it a look on eBay and see if it speaks to you."
168765226845,"A little something for the album: filed under Sheets, up for auction. Noted in the title: MNH, plate. It's waiting for you on eBay."
168765226849,"Here's one with a story to tell: filed under Sheets, up for auction. Noted in the title: MNH, plate, se-tenant. Hop over to eBay to see more."
168765226852,"A little something for the album: filed under Sheets, up for auction. Noted in the title: MNH, plate, se-tenant. Hop over to eBay to see more."
168765226870,"Part of the StampedeUSA herd: filed under Sheets, up for auction. Noted in the title: MNH, plate. Give it a look on eBay and see if it speaks to you."
168765226871,"Come say hello to this one: filed under Sheets, up for auction. Noted in the title: MNH. Give it a look on eBay and see if it speaks to you."
168765226877,"Look what turned up: filed under Sheets, up for auction. Noted in the title: MNH, souvenir sheet. Come see it on eBay."
168765226878,"Come say hello to this one: filed under Sheets, up for auction. Noted in the title: MNH, plate. Give it a look on eBay and see if it speaks to you."
168765226884,"A little something for the album: filed under Sheets, up for auction. Noted in the title: MNH, plate. Give it a look on eBay and see if it speaks to you."
168765226885,"Come say hello to this one: filed under Sheets, up for auction. Noted in the title: MNH, plate. Give it a look on eBay and see if it speaks to you."
168765226886,"Come say hello to this one: filed under Sheets, up for auction. Noted in the title: MNH. Swing by eBay and say hi."
168765226890,"A little something for the album: filed under Sheets, up for auction. Noted in the title: MNH, plate. Come see it on eBay."
168765226893,"Magnifier at the ready: filed under Sheets, up for auction. Noted in the title: MNH. Take a peek on eBay."
168765226899,"Tweezers out, friends: filed under Sheets, up for auction. Noted in the title: MNH. Come see it on eBay."
168765226903,"Tweezers out, friends: filed under Sheets, up for auction. Noted in the title: MNH, plate, se-tenant. Come see it on eBay."
168765226910,"Fresh on the shelf: filed under Sheets, up for auction. Noted in the title: MNH, souvenir sheet. Come see it on eBay."
168765226913,"Here's one with a story to tell: filed under Sheets, up for auction. Noted in the title: MNH, plate. Take a peek on eBay."
168765226915,"A little something for the album: filed under Sheets, up for auction. Noted in the title: MNH. Swing by eBay and say hi."
168765226917,"Part of the StampedeUSA herd: filed under Sheets, up for auction. Noted in the title: MNH. Give it a look on eBay and see if it speaks to you."
168765226920,"Come say hello to this one: filed under Sheets, up for auction. Noted in the title: MNH, mint. Have a look on eBay."
168765226925,"Today's stamp story: filed under Sheets, up for auction. Noted in the title: MNH. The full details are on eBay."
168765226929,"A little something for the album: filed under Sheets, up for auction. Noted in the title: MNH. Have a look on eBay."
168765226933,"Pull up a chair for this one: filed under Sheets, up for auction. Noted in the title: MNH, plate. Have a look on eBay."
168765226939,"Fresh on the shelf: filed under Sheets, up for auction. Noted in the title: MNH, souvenir sheet. It's waiting for you on eBay."
168765226942,"Come say hello to this one: filed under Sheets, up for auction. Noted in the title: MNH. Give it a look on eBay and see if it speaks to you."
168765226947,"Look what turned up: filed under Sheets, up for auction. Noted in the title: MNH. Take a peek on eBay."
168765226948,"Part of the StampedeUSA herd: filed under Sheets, up for auction. Noted in the title: MNH, se-tenant. Swing by eBay and say hi."
168765226952,"Look what turned up: filed under Sheets, up for auction. Noted in the title: MNH. Swing by eBay and say hi."
168765226954,"Come say hello to this one: filed under Sheets, up for auction. Noted in the title: MNH. Take a peek on eBay."
168765226955,"Tweezers out, friends: filed under Sheets, up for auction. Noted in the title: MNH, plate. Take a peek on eBay."
168765226961,"Tweezers out, friends: filed under Sheets, up for auction. Noted in the title: MNH, plate, se-tenant. Hop over to eBay to see more."
168765226980,"Come say hello to this one: filed under Sheets, up for auction. Noted in the title: MNH. Have a look on eBay."
168765226983,"A little something for the album: filed under Sheets, up for auction. Noted in the title: MNH, plate. It's waiting for you on eBay."
168765226985,"Here's one with a story to tell: filed under Sheets, up for auction. Noted in the title: MNH, plate. The full details are on eBay."
168765226995,"Tweezers out, friends: filed under Sheets, up for auction. Noted in the title: MNH. Hop over to eBay to see more."
168765227009,"Tweezers out, friends: filed under Sheets, up for auction. Noted in the title: MNH. Give it a look on eBay and see if it speaks to you."
168765227017,"A little something for the album: filed under Sheets, up for auction. Noted in the title: MNH. Take a peek on eBay."
168765227022,"A little something for the album: filed under Sheets, up for auction. Noted in the title: MNH, plate. Hop over to eBay to see more."
168765227050,"Fresh on the shelf: filed under Sheets, up for auction. Noted in the title: MNH, plate. Take a peek on eBay."
168765227057,"A little something for the album: filed under Sheets, up for auction. Noted in the title: MNH. Swing by eBay and say hi."
168765227073,"Here's one with a story to tell: filed under Sheets, up for auction. Noted in the title: MNH. It's waiting for you on eBay."
168765227346,"Tweezers out, friends: filed under Sheets, up for auction. Noted in the title: MNH. Have a look on eBay."
168765227444,"Today's stamp story: filed under Sheets, up for auction. Noted in the title: MNH, plate, se-tenant. Swing by eBay and say hi."
168765330049,"A little something for the album: filed under 19th Century: Used, up for auction. Noted in the title: used. It's waiting for you on eBay."
168765330054,"Come say hello to this one: filed under 1901-Now: Used, up for auction. Noted in the title: used, perfins. The full details are on eBay."
168765330063,"Part of the StampedeUSA herd: filed under 19th Century: Used, up for auction. Noted in the title: used. Take a peek on eBay."
168765330069,"Come say hello to this one: filed under Revenues, up for auction. Noted in the title: used, manuscript marking. Come see it on eBay."
168765330075,"Come say hello to this one: filed under Sheets, up for auction. Noted in the title: MNH. Give it a look on eBay and see if it speaks to you."
168765330082,"Come say hello to this one: filed under Revenues, up for auction. Swing by eBay and say hi."
168765330084,"Pull up a chair for this one: filed under India (until 1947), up for auction. Noted in the title: manuscript marking. Take a peek on eBay."
168765330096,"A little something for the album: filed under 19th Century: Used, up for auction. Noted in the title: used. Take a peek on eBay."
168765330097,"Come say hello to this one: filed under Sheets, up for auction. Noted in the title: MNH. Take a peek on eBay."
168765330100,"Fresh on the shelf: filed under Sheets, up for auction. Noted in the title: MNH. Give it a look on eBay and see if it speaks to you."
168765330103,"Today's stamp story: filed under Sheets, up for auction. Noted in the title: MNH, souvenir sheet. Swing by eBay and say hi."
168765330117,"Here's one with a story to tell: filed under 19th Century: Used, up for auction. Noted in the title: used. Take a peek on eBay."
168765330129,"Today's stamp story: filed under Sheets, up for auction. Noted in the title: MNH. The full details are on eBay."
168765330131,"Part of the StampedeUSA herd: filed under Revenues, up for auction. Noted in the title: used, manuscript marking. Hop over to eBay to see more."
168765330148,"Pull up a chair for this one: filed under Sheets, up for auction. Noted in the title: MNH. Come see it on eBay."
168765330162,"Pull up a chair for this one: filed under 19th Century: Used, up for auction. Noted in the title: used. Have a look on eBay."
168765330165,"A little something for the album: filed under Revenues, up for auction. Hop over to eBay to see more."
