item,title,category,condition,format,ebay_url
167532711458,Scott #4340a 2008 42c Vintage Black Cinema Se-Tenant Sheet of 20 P1111 MNH,Sheets,,FIXED_PRICE,https://www.ebay.com/itm/167532711458
167532711473,Scott #3997 Chinese Lunar New Year 2006 39c Souvenir Sheet of 12 Zodiac MNH,Sheets,,FIXED_PRICE,https://www.ebay.com/itm/167532711473
167532711475,Scott #3802 Arctic Tundra 2003 37c Nature of America Pane of 10 MNH Gray Wolf,Sheets,,FIXED_PRICE,https://www.ebay.com/itm/167532711475
167532711477,Scott #4159 2007 41c Marvel Comics Super Heroes MNH Sheet of 20 Plate V11111,Sheets,,FIXED_PRICE,https://www.ebay.com/itm/167532711477
167532711478,Scott #3818a 2003 37c Reptiles Amphibians Sheet 20 MNH Turtle Snake Frog Lizard,Sheets,,FIXED_PRICE,https://www.ebay.com/itm/167532711478
167532711482,Scott #5938c 2024 Autumn Colors Imperforate Forever Se-Tenant Pane of 20 MNH,Sheets,,FIXED_PRICE,https://www.ebay.com/itm/167532711482
167532711491,Scott #4084 2006 39c DC Comics Super Heroes Pane 20 Batman Selvage Tear MNH,Sheets,,FIXED_PRICE,https://www.ebay.com/itm/167532711491
167532711493,Scott #5522a 2020 Forever Thank You Pane of 20 Se-Tenant Plate B11111 MNH,Sheets,,FIXED_PRICE,https://www.ebay.com/itm/167532711493
167532711500,Scott #3895 2005 37c Chinese New Year 12 Zodiac Animals 2-Sided Pane of 24 MNH,Sheets,,FIXED_PRICE,https://www.ebay.com/itm/167532711500
167532711508,Scott #5125a 2016 Forever Pets Booklet of 20 Se-Tenant Dogs Cats P1111 MNH,Sheets,,FIXED_PRICE,https://www.ebay.com/itm/167532711508
167532711509,Scott #5394 2019 Forever Sesame Street Pane of 16 Se-Tenant Elmo Big Bird MNH,Sheets,,FIXED_PRICE,https://www.ebay.com/itm/167532711509
167532712095,Scott #3337a 1999 33c All Aboard Locomotives Full Sheet of 20 MNH Plate P4444,Sheets,,FIXED_PRICE,https://www.ebay.com/itm/167532712095
167532712097,Scott #3372 2000 33c US Navy Los Angeles Class Submarine Pane of 20 MNH B1111,Sheets,,FIXED_PRICE,https://www.ebay.com/itm/167532712097
167532712099,Scott #3329 1999 James Cagney Legends of Hollywood Pane of 20 MNH Plate S1111,Sheets,,FIXED_PRICE,https://www.ebay.com/itm/167532712099
167532712103,Scott #3174 1997 32c Women in Military Service Pane of 20 Plate B111111 MNH,Sheets,,FIXED_PRICE,https://www.ebay.com/itm/167532712103
167532712112,Scott #3136 1997 32c World of Dinosaurs Pane of 15 MNH Stegosaurus Brachiosaurus,Sheets,,FIXED_PRICE,https://www.ebay.com/itm/167532712112
167532712123,Scott #2866a 1994 29c Wonders of the Sea Pane of 24 MNH Plate B2222 Divers Reef,Sheets,,FIXED_PRICE,https://www.ebay.com/itm/167532712123
167532712128,Scott #3099a 1996 32c Big Band Leaders Sheet 20 MNH Basie Miller Goodman Dorsey,Sheets,,FIXED_PRICE,https://www.ebay.com/itm/167532712128
167532712130,Scott #3146a 1997 32c Football Coaches Lombardi Bryant Halas Warner Sheet 20 MNH,Sheets,,FIXED_PRICE,https://www.ebay.com/itm/167532712130
167532712134,Scott #3023a 1995 32c Antique Autos Pane of 25 MNH Duryea Winton Grey Marks FLAW,Sheets,,FIXED_PRICE,https://www.ebay.com/itm/167532712134
168267327950,Ecuador 1895 UPU Portrait Lot of 4 - 1c 10c 20c 50c One Design Four Colors,"Collections, Lots",,FIXED_PRICE,https://www.ebay.com/itm/168267327950
168269262739,Scott #R154 1898 1c Green Franklin Red I.R. Overprint Internal Revenue Perf MH,Revenues,,FIXED_PRICE,https://www.ebay.com/itm/168269262739
168402099002,Scott #5909-5918 Dungeons & Dragons Forever Se-Tenant Pane of 20 Fantasy MNH,Sheets,,FIXED_PRICE,https://www.ebay.com/itm/168402099002
168402099014,Scott #C79b 13c Washington DC Precancel Airmail MNH Sheet of 100 Plate 34558,Sheets,,FIXED_PRICE,https://www.ebay.com/itm/168402099014
168402099046,Scott #C47 1953 6c Powered Flight 50th Anniversary Airmail Sheet of 50 MNH,Sheets,,FIXED_PRICE,https://www.ebay.com/itm/168402099046
168402099084,Scott #3293 1999 33c Sonoran Desert Nature of America Pane of 10 Saguaro MNH,Sheets,,FIXED_PRICE,https://www.ebay.com/itm/168402099084
168402099690,Scott #3408 2000 Legends of Baseball Pane of 20 MNH Babe Ruth Jackie Robinson,Sheets,,FIXED_PRICE,https://www.ebay.com/itm/168402099690
168402099699,Scott #5976 2025 Forever Betty White Pane of 20 TV Actress Full Selvage MNH,Sheets,,FIXED_PRICE,https://www.ebay.com/itm/168402099699
168402099702,Scott #3412 $11.75 Round Hologram Earth Space Sheet MNH World Stamp Expo 2000,Sheets,,FIXED_PRICE,https://www.ebay.com/itm/168402099702
168402099703,Scott #RV42 $5 Motor Vehicle Use Revenue 1945 Mint No Gum,Revenues,,FIXED_PRICE,https://www.ebay.com/itm/168402099703
168402099704,Scott #253 US 1894 3c Jackson Purple First Bureau Issue Unwatermarked Used,19th Century: Used,,FIXED_PRICE,https://www.ebay.com/itm/168402099704
168402099712,Scott #R733 1962 10c IRS Documentary Revenue MNH Two Singles Established 1862,Revenues,,FIXED_PRICE,https://www.ebay.com/itm/168402099712
168402099724,Scott #3000 1995 Comic Strip Classics Pane of 20 MNH Popeye Blondie Krazy Kat,Sheets,,FIXED_PRICE,https://www.ebay.com/itm/168402099724
168402099725,Postal Telegraph Cable Co 1931 25c Complimentary Frank Blue Serial 2249 MLH,Revenues,,FIXED_PRICE,https://www.ebay.com/itm/168402099725
168402099729,Scott #R60c US 1862 50c Original Process Blue Perforated Punch Cancel Used,Revenues,,FIXED_PRICE,https://www.ebay.com/itm/168402099729
168402099730,Scott #3403 2000 33c Stars and Stripes Pane of 20 US Flags MNH Plate B111111,Sheets,,FIXED_PRICE,https://www.ebay.com/itm/168402099730
168402099732,Scott #BK294 2003 Old Glory Booklet of 20 37c Flag Stamps MNH :  Lot of 2,Booklets,,FIXED_PRICE,https://www.ebay.com/itm/168402099732
168402099743,Scott #R45c 1862-71 Revenue Stamp Used Red Manuscript Cancel,Revenues,,FIXED_PRICE,https://www.ebay.com/itm/168402099743
168402099747,Scott #R88c 1862-71 $5 Charter Party First Issue Revenue Tear Noted Used,Revenues,,FIXED_PRICE,https://www.ebay.com/itm/168402099747
168402099757,Scott #R164 1898 2c Washington I.R. Overprint Blue Perf 12 Pen Cancel Used,Revenues,,FIXED_PRICE,https://www.ebay.com/itm/168402099757
168402099773,Scott #RD189 US Series 1945 5c Stock Transfer Campbell Green Perfin Cancel Used,Revenues,,FIXED_PRICE,https://www.ebay.com/itm/168402099773
168402099788,Scott #R573-R578 US Documentary Revenue Lot of 4 $10 $3.30 $2 $1 Used Perfin,Revenues,,FIXED_PRICE,https://www.ebay.com/itm/168402099788
168402099803,Scott #R82c 1862-71 $2 Mortgage Revenue Orange Red 2 Stamps Manuscript Used,Revenues,,FIXED_PRICE,https://www.ebay.com/itm/168402099803
168402099809,Scott #RD125 US Series 1942 50c Stock Transfer Duane Green Full Perfin Used,Revenues,,FIXED_PRICE,https://www.ebay.com/itm/168402099809
168402099819,Scott #R179 R184 R195 US Internal Revenue Documentary $3 $1 $1 Used Lot of 3,Revenues,,FIXED_PRICE,https://www.ebay.com/itm/168402099819
168402099824,Scott #229-234 Germany 1923 Numeral in Circle 100-1000 Mark Set of 6 Weimar MH,Germany & Colonies,,FIXED_PRICE,https://www.ebay.com/itm/168402099824
168402099827,Scott #C21 1942 Pearl Harbor T.H. Airmail Cover 20c Clipper I.C.B. Censor 4,Postal History,,FIXED_PRICE,https://www.ebay.com/itm/168402099827
168402099832,Scott #5059 2016 Sarah Vaughan Music Icons Forever Pane of 16 MNH Jazz Singer,Sheets,,FIXED_PRICE,https://www.ebay.com/itm/168402099832
168402099857,Scott #OL3-OL5 Germany Prussia 1903 Frei Durch Ablösung Nr.21 Official Set MH,Germany & Colonies,,FIXED_PRICE,https://www.ebay.com/itm/168402099857
168402099864,Ukraine UNR 1918-1920 5-Stamp Lot Shahiv + Vienna Shevchenko Cossack MH,Ukraine,,FIXED_PRICE,https://www.ebay.com/itm/168402099864
168402099869,Germany Scott #297 1923 10 Milliarden 2 Strips of 3 + Block of 4 Schwerdtner MH,Germany & Colonies,,FIXED_PRICE,https://www.ebay.com/itm/168402099869
168402099890,Hawaii Cover Lot 15+ Pieces 1935-89 Registered Matson CANEC NRA Slogan Cancels,Postal History,,FIXED_PRICE,https://www.ebay.com/itm/168402099890
168402100711,Scott #R246 $30 Grant Documentary Revenue Used Orange Blue Serial Punch Cancel,Revenues,,FIXED_PRICE,https://www.ebay.com/itm/168402100711
168402100713,Scott #RB69-RB67 Proprietary Revenue Lot 4 1c 2c 3c 5c Blue Numerals Used Unused,Revenues,,FIXED_PRICE,https://www.ebay.com/itm/168402100713
168402100714,Scott #R40c 15c Inland Exchange Revenue Used Pair Manuscript Civil War 1862,Revenues,,FIXED_PRICE,https://www.ebay.com/itm/168402100714
168402100717,Scott #3191 2000 33c Celebrate the Century 1990s Pane of 15 MNH Titanic Seinfeld,Sheets,,FIXED_PRICE,https://www.ebay.com/itm/168402100717
168402100718,Scott #R184 & R185 1900 Documentary Revenue Lot of 5 $1 $2 Surcharge Perfin Used,Revenues,,FIXED_PRICE,https://www.ebay.com/itm/168402100718
168402100720,Scott #3082 1996 32c James Dean Legends of Hollywood Pane of 20 MNH Plate Block,Sheets,,FIXED_PRICE,https://www.ebay.com/itm/168402100720
168402100723,Hawaii 10 Airmail Cover Lot 1936-62 Clipper C20 Territory to Statehood Maui,Postal History,,FIXED_PRICE,https://www.ebay.com/itm/168402100723
168402100727,Fleetwood FDC Album 1982 USFDC Society Binder Certificate Unaddressed Cachets,"Collections, Lots",,FIXED_PRICE,https://www.ebay.com/itm/168402100727
168402100732,Scott #R024c 1862 5c Certificate Civil War Revenue Washington Manuscript Used,Revenues,,FIXED_PRICE,https://www.ebay.com/itm/168402100732
168402100737,Scott #R152 1875-78 2c Revenue Liberty Pair 1877 Manuscript Cancel Used & Unused,Revenues,,FIXED_PRICE,https://www.ebay.com/itm/168402100737
168402100739,Scott #3409 2000 60c Probing the Vastness of Space Souvenir Sheet 6 Hubble MNH,Sheets,,FIXED_PRICE,https://www.ebay.com/itm/168402100739
168402100740,Postal Telegraph Cable 1901 Complimentary Frank 20 Words Green Scott 15T21,Revenues,,FIXED_PRICE,https://www.ebay.com/itm/168402100740
168402100741,Scott #R558-R565 Documentary Lot of 6 Liberty $1 $2 $3 $3 $5 $10 Manuscript Used,Revenues,,FIXED_PRICE,https://www.ebay.com/itm/168402100741
168402100742,Early TV Memories 2009 44c Full Sheet MNH Scott 4414 I Love Lucy Twilight Zone,Sheets,,FIXED_PRICE,https://www.ebay.com/itm/168402100742
168402100743,Scott #3351 Insects and Spiders 1999 33c Pane of 20 MNH Plate Block Full Selvage,Sheets,,FIXED_PRICE,https://www.ebay.com/itm/168402100743
168402100752,Scott #4072a 2006 39c Wonders of America Se-Tenant Pane of 40 Designs MNH,Sheets,,FIXED_PRICE,https://www.ebay.com/itm/168402100752
168402100754,Scott #3611 2002 34c Nature of America Longleaf Pine Forest Pane of 10 MNH,Sheets,,FIXED_PRICE,https://www.ebay.com/itm/168402100754
168402100757,Scott #5907 2024 Forever Alex Trebek Jeopardy Game Show Host Pane of 20 MNH,Sheets,,FIXED_PRICE,https://www.ebay.com/itm/168402100757
168402100758,Scott #425-430 Philippines 1937 Eucharistic Congress Commonwealth MNH Set of 6,Philippines,,FIXED_PRICE,https://www.ebay.com/itm/168402100758
168402100764,Scott #5259 2018 Lena Horne Black Heritage Forever Pane of 20 MNH Plate B11111,Sheets,,FIXED_PRICE,https://www.ebay.com/itm/168402100764
168402100768,Hawaii Postal History 5 Cover Lot 1929-63 Entires Bank BSA Big Five Territory,Postal History,,FIXED_PRICE,https://www.ebay.com/itm/168402100768
168402100773,Scott #R42a 1862 20c Inland Exchange Imperforate Red Manuscript 1863 Dated Used,Revenues,,FIXED_PRICE,https://www.ebay.com/itm/168402100773
168402100776,Scott #RB32/RB44 & RB34/RB46 1914 1/8c 3/8c Proprietary Lot of 2 Wmk Undeterm,Revenues,,FIXED_PRICE,https://www.ebay.com/itm/168402100776
168402100780,Scott #R118 1871 $1 Washington US Inter Revenue Used Blue Manuscript Cancel,Revenues,,FIXED_PRICE,https://www.ebay.com/itm/168402100780
168402100784,Scott #3944 2005 37c Jim Henson Muppets Pane of 11 MNH Kermit Miss Piggy Animal,Sheets,,FIXED_PRICE,https://www.ebay.com/itm/168402100784
168402100785,US Airmail Cover Lot 13pc 1926-80s Chicago-Dallas CAM West Coast Airlines FDC,Postal History,,FIXED_PRICE,https://www.ebay.com/itm/168402100785
168402100786,Scott #3413 2000 $11.75 Landing on the Moon Apollo Hologram Souvenir Sheet MNH,Sheets,,FIXED_PRICE,https://www.ebay.com/itm/168402100786
168402100791,Scott #R118 1871 $1 Washington Second Issue Revenue MNG Blue Frame Black Center,Revenues,,FIXED_PRICE,https://www.ebay.com/itm/168402100791
168402100793,Scott #5190 2017 Forever Mississippi Statehood Guitar Sheet of 20 P1111 MNH,Sheets,,FIXED_PRICE,https://www.ebay.com/itm/168402100793
168402100795,Scott #3411 Escaping the Gravity of Earth 2000 $3.20 Hologram Sheet of 2 MNH,Sheets,,FIXED_PRICE,https://www.ebay.com/itm/168402100795
168402100796,China 7 Stamps Cigarette Tax Revenue 1946 Postal 50th Sun Yat-sen Surcharge MNH,China,,FIXED_PRICE,https://www.ebay.com/itm/168402100796
168402100798,Scott #1T5 1881 15c Am. Rapid Telegraph Prepaid Telegram Green Perf 12 Used,Revenues,,FIXED_PRICE,https://www.ebay.com/itm/168402100798
168402100810,Scott #RI18 1935 50lb Tax Exempt Potatoes USDA Revenue Booklet Single MVLH,Revenues,,FIXED_PRICE,https://www.ebay.com/itm/168402100810
168402100815,1941 Series Wines Internal Revenue Lot of 9 Used Perfins Manuscript $1.44-$8.16,Revenues,,FIXED_PRICE,https://www.ebay.com/itm/168402100815
168402100816,American Wildflowers 1992 29c Pane of 50 Different MNH Scott 2696a Plate P1111,Sheets,,FIXED_PRICE,https://www.ebay.com/itm/168402100816
168402100830,Scott #R5c 1862-71 2c Bank Check Washington Revenue Orange Manuscript Used,Revenues,,FIXED_PRICE,https://www.ebay.com/itm/168402100830
168402100838,Scott #3410 Exploring the Solar System 2000 $1 Souvenir Sheet of 5 Pentagon,Sheets,,FIXED_PRICE,https://www.ebay.com/itm/168402100838
168402100850,Scott #C21 Pre-Pearl Harbor 1941 Honolulu Via Clipper Cover 20c Trans-Pacific,Postal History,,FIXED_PRICE,https://www.ebay.com/itm/168402100850
168402100856,Scott #R677-R599 Documentary 1950s Lot of 5 $1 $2 $3.30 $5 $10 Perfin Used,Revenues,,FIXED_PRICE,https://www.ebay.com/itm/168402100856
168402100864,Scott #R33c-R34c 10c Washington Revenue Bill of Lading + Certificate Used Pair,Revenues,,FIXED_PRICE,https://www.ebay.com/itm/168402100864
168402100879,Scott #3351 Insects and Spiders 1999 33c Pane of 20 MNH Monarch Black Widow,Sheets,,FIXED_PRICE,https://www.ebay.com/itm/168402100879
168402100883,1948 Honolulu ROA Fort Shafter Double Postal Card King's Sandwiches Forwarded,Postal History,,FIXED_PRICE,https://www.ebay.com/itm/168402100883
168402100892,Scott #R160-R168 1898 Battleship Revenue Lot of 11 Used 1/8c to 5c Handstamp,Revenues,,FIXED_PRICE,https://www.ebay.com/itm/168402100892
168402100893,Scott #3878 2004 37c Cloudscapes Pane of 15 MNH Clouds Weather Tornado V111111,Sheets,,FIXED_PRICE,https://www.ebay.com/itm/168402100893
168402100894,Scott #R81 1862-71 $2 Conveyance Revenue 2 Singles Used Manuscript Orange Red,Revenues,,FIXED_PRICE,https://www.ebay.com/itm/168402100894
168402100902,Scott #4523a 2011 Forever Civil War 1861 Fort Sumter Bull Run Souvenir Sheet MNH,Sheets,,FIXED_PRICE,https://www.ebay.com/itm/168402100902
168411291986,Italy Pacchi Postali Parcel Post 60c Bollettino + 2 Lire Ricevuta Halves Used,Italy,,FIXED_PRICE,https://www.ebay.com/itm/168411291986
168411291990,Worldwide Stamp Lot 19 Singles Europe Asia Americas UN 1950s-80s Topicals Used,"Collections, Lots",,FIXED_PRICE,https://www.ebay.com/itm/168411291990
168411291994,Worldwide Stamp Lot of 34 Germany Singapore Malaya Vatican Israel  Korea,"Collections, Lots",,FIXED_PRICE,https://www.ebay.com/itm/168411291994
168411292003,Worldwide Stamp Lot of 30 Mixed Countries Egypt Mexico Ghana Singapore Turkey,"Collections, Lots",,FIXED_PRICE,https://www.ebay.com/itm/168411292003
168411292005,Scott's Modern World Stamp Album 1967 with Stamps US Canada India Netherlands,"Collections, Lots",,FIXED_PRICE,https://www.ebay.com/itm/168411292005
168438793993,US Advertising Covers 10pc 1883-1947 Montgomery Ward Hibbard Red Cross Oregon,Postal History,,FIXED_PRICE,https://www.ebay.com/itm/168438793993
168459047378,Scott #68 1864 Wyandotte Kansas to Toronto Canada West 10c Green Cover APEX,Postal History,,FIXED_PRICE,https://www.ebay.com/itm/168459047378
168478733836,Scott #151 Henry Clay 1870 12c Dull Violet Bank Note Issue Used US Classics,19th Century: Used,,FIXED_PRICE,https://www.ebay.com/itm/168478733836
168478733837,Scott #148 1870 6c Abraham Lincoln Carmine Bank Note Issue 19th Century Used,19th Century: Used,,FIXED_PRICE,https://www.ebay.com/itm/168478733837
168478733840,Scott #157 1873 2c Andrew Jackson Brown Continental Bank Note Issue Used,19th Century: Used,,FIXED_PRICE,https://www.ebay.com/itm/168478733840
168478733844,Celebrate the Century 6 Sealed USPS Panes + 9 Super Heroes Album Covers MNH,"Collections, Lots",,FIXED_PRICE,https://www.ebay.com/itm/168478733844
168478733845,Scott #216 1888 5c Garfield Indigo American Bank Note Issue Perf 12 Used,19th Century: Used,,FIXED_PRICE,https://www.ebay.com/itm/168478733845
168478733847,Scott #228 1890 30c Jefferson Black Used US Small Bank Note Issue Single,19th Century: Used,,FIXED_PRICE,https://www.ebay.com/itm/168478733847
168478780613,3 Hawaii WWII Censor Lot THMA 1945 Cover + 2 OVO 1943 Cards Honolulu Examiners,Postal History,,FIXED_PRICE,https://www.ebay.com/itm/168478780613
168478780614,5 Hawaii Covers 1911-29 Honolulu Kapaa Kauai SS Chiyo Maru Ship 1928 Overprint,Postal History,,FIXED_PRICE,https://www.ebay.com/itm/168478780614
168478780615,Scott #1T13 1T14 1T16 American Rapid Telegraph 1881 Duplicate Lot of 4 MH Punch,Revenues,,FIXED_PRICE,https://www.ebay.com/itm/168478780615
168478780616,3 Hawaii Postal Cards 1993 Naalehu Honomu 19c UX170 Southernmost Post Office,Postal History,,FIXED_PRICE,https://www.ebay.com/itm/168478780616
168478870069,Scott #2869 1994 29c Legends of the West Corrected Pane of 20 MNH Plate S11111,Sheets,,FIXED_PRICE,https://www.ebay.com/itm/168478870069
168478888181,Scott #RD140-RD143 Stock Transfer Lot of 5 1941-42 $1 $2 $3 $3 $5 Perfin Green,Revenues,,FIXED_PRICE,https://www.ebay.com/itm/168478888181
168478888182,"US Cover Lot 11pc 1907-49 Castle & Cooke, Via Clipper, Philatelic Agency, IOOF",Postal History,,FIXED_PRICE,https://www.ebay.com/itm/168478888182
168478888185,US Cover Lot 14pc 1902-68 Truman JFK FDR Brewery Oregon Attorney Certified,Postal History,,FIXED_PRICE,https://www.ebay.com/itm/168478888185
168478946589,Scott #3802 2003 37c Nature of America Arctic Tundra Pane of 10 MNH Gray Wolf,Sheets,,FIXED_PRICE,https://www.ebay.com/itm/168478946589
168479066584,Scott #2203 1986 Sojourner Truth Black Heritage Sheet of 50 MNH Plate A111111,Sheets,,FIXED_PRICE,https://www.ebay.com/itm/168479066584
168479067617,1870-71 Maine Indenture Deed Lot 2 Calais 25c 50c US Revenue Stamps Wax Seals,Revenues,,FIXED_PRICE,https://www.ebay.com/itm/168479067617
168479272872,Lot of 5 - Scott #3351 (x2) + #3000 (x2) + #3694 (MNH) Pop-Culture Full Sheets,Sheets,,FIXED_PRICE,https://www.ebay.com/itm/168479272872
168479300394,Jimi Hendrix x2 Ray Charles Music Icons Forever Full Sheets MNH Lot of 3,Sheets,,FIXED_PRICE,https://www.ebay.com/itm/168479300394
168479391615,Scott #3403 3610A MNH Stars and Stripes + Greetings From America Panes Lot of 2,Sheets,,FIXED_PRICE,https://www.ebay.com/itm/168479391615
168479400673,Scott #3408 (x2) + #3403 + #3610a + #2869 Full Sheets Lot of 5  (MNH),Sheets,,FIXED_PRICE,https://www.ebay.com/itm/168479400673
168479408089,Scott #3873 3649 3910 x2 37c American Indian Photography Architecture MNH Lot 4,Sheets,,FIXED_PRICE,https://www.ebay.com/itm/168479408089
168479430017,Scott #3873 (x2) + #3649 (x2) + #3910 (MNH)  Art & Culture Full Sheets Lot of 5,Sheets,,FIXED_PRICE,https://www.ebay.com/itm/168479430017
168479445526,Scott #3409 + #3410 + #3411 + #3412 + #3413 (MNH) Holograms Expo 2000 Lot of 5,Sheets,,FIXED_PRICE,https://www.ebay.com/itm/168479445526
168479463745,Scott #3190 (x2) + #3191 (x2)  (MNH) Celebrate the Century Full Sheets Lot of 4,Sheets,,FIXED_PRICE,https://www.ebay.com/itm/168479463745
168479667118,Scott #3293 3611 3831 3878 3899 MNH Nature of America + Cloudscapes Lot of 5,Sheets,,FIXED_PRICE,https://www.ebay.com/itm/168479667118
168479680998,Scott #3293 (x2) + #3611 + #3831 + #3802 (all MNH) - Nature of America Lot of 5,Sheets,,FIXED_PRICE,https://www.ebay.com/itm/168479680998
168533098117,Scott #117 1869 12c Pictorial SS Adriatic Cover London Ruggles care Baring Bros,Postal History,,FIXED_PRICE,https://www.ebay.com/itm/168533098117
168533131342,1877 Washington University Mining Corner Card Cover St Louis MO 3c Banknote,Postal History,,FIXED_PRICE,https://www.ebay.com/itm/168533131342
168533203061,1870s Engraved Crest Cover DI CHADO 1835 Gavit Albany Hartford CT 3c Burlington,Postal History,,FIXED_PRICE,https://www.ebay.com/itm/168533203061
168533223523,Scott #147 St Francis Solanus College Quincy IL Cover Catholic History 3c,Postal History,,FIXED_PRICE,https://www.ebay.com/itm/168533223523
168533228074,Indianapolis Indiana Cover Physio-Medical College Seal 1870s Doctor to Doctor,Postal History,,FIXED_PRICE,https://www.ebay.com/itm/168533228074
168533236404,1870s Academic Institute Hartford Trumbull Co Ohio Corner Card 3c Banknote Cover,Postal History,,FIXED_PRICE,https://www.ebay.com/itm/168533236404
168533251374,McClellan's Institute West Chester PA Corner Card Cover 3c Green Bank Note Tied,Postal History,,FIXED_PRICE,https://www.ebay.com/itm/168533251374
168533254824,Scott #213 - 1880's Park College Corner Card Cover 2c Green to Maumee Ohio,Postal History,,FIXED_PRICE,https://www.ebay.com/itm/168533254824
168533381584,Vatican City 1929-1962 White Ace Album Air Mails Swiss Guards Pius XII MNH,Vatican,,FIXED_PRICE,https://www.ebay.com/itm/168533381584
168579135620,Great Britain QV Penny Red Cancellation Study 32 Items Plated Spoon Perfin Used,Victoria,,FIXED_PRICE,https://www.ebay.com/itm/168579135620
168580469707,Scott #287 1898 4c Indian Hunting Buffalo Trans-Mississippi MH Orange,19th Century: Unused,,FIXED_PRICE,https://www.ebay.com/itm/168580469707
168580483841,Scott #285 1898 Trans-Mississippi 1c Marquette on the Mississippi MINT Green,19th Century: Unused,,FIXED_PRICE,https://www.ebay.com/itm/168580483841
168580489973,Scott #223 1890 5c Grant Small Bank Note MHR Original Disturbed Gum Chocolate,19th Century: Unused,,FIXED_PRICE,https://www.ebay.com/itm/168580489973
168580492872,Scott #225 William T Sherman 8c Lilac 1890 Small Bank Note Issue MH Civil War,19th Century: Unused,,FIXED_PRICE,https://www.ebay.com/itm/168580492872
168580498658,Scott #231 1893 2c Columbian Exposition Landing of Columbus MINT Single Stamp,19th Century: Unused,,FIXED_PRICE,https://www.ebay.com/itm/168580498658
168580500266,Scott #210 1883 2c George Washington Bank Note Issue MH Hinge Remnant,19th Century: Unused,,FIXED_PRICE,https://www.ebay.com/itm/168580500266
168580511786,Scott #328 1907 Jamestown Exposition 1c Captain John Smith Green MNH Virginia,1901-40: Unused,,FIXED_PRICE,https://www.ebay.com/itm/168580511786
168580907723,Scott #RS35 Brandreth Allcock's Porous Plaster 1c Proprietary Imperf Unused,Revenues,,FIXED_PRICE,https://www.ebay.com/itm/168580907723
168581119374,Scott #RD37 $1 Green Washington Documentary Stock Transfer Perfin Used,Revenues,,FIXED_PRICE,https://www.ebay.com/itm/168581119374
168581119542,US Stock Transfer Revenue 1940 Series $1 to $5 Lot of 10 Used Perfin Punch,Revenues,,FIXED_PRICE,https://www.ebay.com/itm/168581119542
168581120279,Scott #RB2 US 1871-74 2c Proprietary Green & Black Perf 12 Manuscript Used,Revenues,,FIXED_PRICE,https://www.ebay.com/itm/168581120279
168581421738,Pacific Mutual Telegraph Co 5c Commutation Stamp Black on Yellow Perf MLH,Revenues,,FIXED_PRICE,https://www.ebay.com/itm/168581421738
168585925287,Scott #184 c1880 Grand Prairie Seminary Corner Card Cover Onarga Illinois 3c,Postal History,,FIXED_PRICE,https://www.ebay.com/itm/168585925287
168585926636,Scott #213 1890 Ohio Wesleyan Monnett Hall Women's College Corner Card Delaware,Postal History,,FIXED_PRICE,https://www.ebay.com/itm/168585926636
168585928629,Scott #213 c1889 Damascus Quaker Academy Corner Card Cover Ohio to Grinnell Iowa,Postal History,,FIXED_PRICE,https://www.ebay.com/itm/168585928629
168585953007,1869 2c Pictorial Scott #113 Cover 2 Singles Phila Local Double-Weight PF Cert,Postal History,,FIXED_PRICE,https://www.ebay.com/itm/168585953007
168585953891,Scott #184 c1880 Ripon College WI Cover to Institute for the Blind Janesville 3c,Postal History,,FIXED_PRICE,https://www.ebay.com/itm/168585953891
168585955254,1869 6c Pictorial Sc#115 Cover NY to Charleston 1870 Double Rate Fancy Cancel,Postal History,,FIXED_PRICE,https://www.ebay.com/itm/168585955254
168586248887,GB 1850 Penny Red Imperf Entire Enfield Macclesfield Lombard Maltese Cross Cover,Victoria,,FIXED_PRICE,https://www.ebay.com/itm/168586248887
168586273661,GB 1876 1877 Penny Red Covers Scotland Aberdeen Paisley Renfrew Used Lot of 2,Victoria,,FIXED_PRICE,https://www.ebay.com/itm/168586273661
168588334362,GB 1840s Penny Red Imperf Blued Paper (Used) Red TP Dover Road Handstamp,Victoria,,FIXED_PRICE,https://www.ebay.com/itm/168588334362
168588381660,Japan Mihon Specimen Overprints 23 Different Mint Parks Railway Marine Biology,Japan,,FIXED_PRICE,https://www.ebay.com/itm/168588381660
168588383776,Japan to USA Cover 20 Sen Empire Chrysanthemum Boston Cushing Mission Used,Japan,,FIXED_PRICE,https://www.ebay.com/itm/168588383776
168588389597,Japan 1949 2 Covers + Original Letter Occupation Era Registered Tokyo Used,Japan,,FIXED_PRICE,https://www.ebay.com/itm/168588389597
168588411301,Norway King Olav V Definitives Mint Two Complete Sets of 11 Lot of 22 NORGE,Norway,,FIXED_PRICE,https://www.ebay.com/itm/168588411301
168588438525,Norway Dealer Stock 188 Glassine Packets Semi-Postals Red Cross Europa 1940s-84,Norway,,FIXED_PRICE,https://www.ebay.com/itm/168588438525
168588441771,Norway 3 Norsk Natur Booklets + Posthorn 100 Ar 1872-1972 Souvenir Sheet Mint,Norway,,FIXED_PRICE,https://www.ebay.com/itm/168588441771
168588505656,Switzerland Sitting Helvetia Strubel Imperforate 1 Franc Classics Lot of 6 Used,Switzerland,,FIXED_PRICE,https://www.ebay.com/itm/168588505656
168588557695,Tanzania Sammy Davis Jr - Sheetlet of 20 MNH  -  House of Questa Rat Pack,Tanzania,,FIXED_PRICE,https://www.ebay.com/itm/168588557695
168588582931,Liechtenstein Mint Knight Vaduz Castle Eagle Schiestl Courvoisier Lot of 6,Liechtenstein,,FIXED_PRICE,https://www.ebay.com/itm/168588582931
168588614808,Billy Daniels Autograph 2 Signed Inscribed Publicity Cards Kriegsmann London,Jazz & Big Band,,FIXED_PRICE,https://www.ebay.com/itm/168588614808
168588801353,Japan 1961-65 Commemoratives Mint 36 Tokyo Olympics ITU 100y Cranes Fuji Radar,Japan,,FIXED_PRICE,https://www.ebay.com/itm/168588801353
168588831043,Switzerland ITU BIE Officials Bulk Lot 150+ with Blocks and 2 PTT Packets Mint,Switzerland,,FIXED_PRICE,https://www.ebay.com/itm/168588831043
168611657749,Scott #5712b (MNScotH) 2022 Buzz Lightyear Go Beyond Forever Souvenir Sheet of20,Sheets,,FIXED_PRICE,https://www.ebay.com/itm/168611657749
168614134453,East Germany Soviet Zone Saxony POST Numerals Imperf Plate Blocks 8 Card Lot MNH,Germany & Colonies,,FIXED_PRICE,https://www.ebay.com/itm/168614134453
168614733162,Scott #5494-5503 (MNH) Bugs Bunny 80th Anniversary Forever Souvenir Sheet of 20,Sheets,,FIXED_PRICE,https://www.ebay.com/itm/168614733162
168614799451,USPS Mint Set Mini Albums 1972-1979 Complete 8 Year Run US Commemoratives MNH,"Collections, Lots",,FIXED_PRICE,https://www.ebay.com/itm/168614799451
168726563016,Scott #5419 2019 Forever Purple Heart Medal Pane of 20 MNH US Veterans,Sheets,,FIXED_PRICE,https://www.ebay.com/itm/168726563016
168726563017,Scott #5419 2019 Forever Purple Heart Pane MNH (XF) Plate B11111,Sheets,,FIXED_PRICE,https://www.ebay.com/itm/168726563017
168726563018,"Scott# 5419 - (MNH-XF) Purple Heart Pane, Plate B11111, Vibrant Color",Sheets,,FIXED_PRICE,https://www.ebay.com/itm/168726563018
168726563019,Scott #5419 2019 Forever Purple Heart Medal Pane of 20 MNH Plate B111111,Sheets,,FIXED_PRICE,https://www.ebay.com/itm/168726563019
168726564286,Scott #R13c x2 1862-71 2c Proprietary Washington Revenue Deep & Pale Blue Used,Revenues,,FIXED_PRICE,https://www.ebay.com/itm/168726564286
168747230624,Scott #642 (MNH) 1927 10c James Monroe Rotary Press Regular Issue Single,1901-40: Unused,,AUCTION,https://www.ebay.com/itm/168747230624
168747230626,Scott #654 (MNH) 1929 2c Edison Electric Light Golden Jubilee Flat Plate,1901-40: Unused,,AUCTION,https://www.ebay.com/itm/168747230626
168747230650,Scott #614 615 616 (MNH) 1924 Huguenot-Walloon Tercentenary Set of 3,1901-40: Unused,,AUCTION,https://www.ebay.com/itm/168747230650
168747230653,Scott #Q5 (MNH) 1913 5c Parcel Post Mail Train Carmine Rose Perf 12,Other US Back of Book Stamps,,AUCTION,https://www.ebay.com/itm/168747230653
168747230658,Scott #623 (MH) 1925 17c Woodrow Wilson Regular Issue Single,1901-40: Unused,,AUCTION,https://www.ebay.com/itm/168747230658
168747230660,Scott #684 (Used) 1934 Army Mail Pilots Memorial Cover Arlington Pair,Other US Event Stamp Covers,,AUCTION,https://www.ebay.com/itm/168747230660
168747230661,Scott #633 (MNH) 1927 1-1/2c Yellow Brown Harding Strip of 3,1901-40: Unused,,AUCTION,https://www.ebay.com/itm/168747230661
168747230677,Scott #621 (MH) 1925 5c Viking Ship Norse-American Centennial Single,1901-40: Unused,,AUCTION,https://www.ebay.com/itm/168747230677
168747230678,Scott #UX3 (MNG) 1c Liberty Postal Card Port Huron Michigan Advertising,Postal Cards & Stationery,,AUCTION,https://www.ebay.com/itm/168747230678
168747230687,Scott #617 (MNH) 1925 1c Washington at Cambridge Lexington-Concord,1901-40: Unused,,AUCTION,https://www.ebay.com/itm/168747230687
168747230689,Scott #209 (Used) 1882 10c Brown Jefferson American Bank Note Re-Engraved,19th Century: Used,,AUCTION,https://www.ebay.com/itm/168747230689
168747230690,Scott #640 (MNH) 1927 8c Ulysses S. Grant Rotary Press Regular Issue Single,1901-40: Unused,,AUCTION,https://www.ebay.com/itm/168747230690
168747230691,Scott #638 (MNH) 1927 6c James A. Garfield Rotary Press Single Paler Shade,1901-40: Unused,,AUCTION,https://www.ebay.com/itm/168747230691
168747230697,Scott #638 (MNG) 1927 6c Garfield Red Orange Rotary No Gum,1901-40: Unused,,AUCTION,https://www.ebay.com/itm/168747230697
168747230699,1937 FAM-14 First Flight Cover (Used) Manila to Macao Philippine Air Mail,First Flight,,AUCTION,https://www.ebay.com/itm/168747230699
168747230704,Scott #147 (MNG) 1870-71 3c Washington National Bank Note single,19th Century: Unused,,AUCTION,https://www.ebay.com/itm/168747230704
168747230705,Scott #183 (MNG) 1879 2c Jackson Bank Note soft paper single,19th Century: Unused,,AUCTION,https://www.ebay.com/itm/168747230705
168747230708,Scott #640 (MH) 1927 8c Olive Bister Grant Rotary Press,1901-40: Unused,,AUCTION,https://www.ebay.com/itm/168747230708
168747230711,Scott #RJA105 (MNG) 1963 Narcotic Tax 1c imperf single,Revenues,,AUCTION,https://www.ebay.com/itm/168747230711
168747230716,Washington (Used) 1978 1982 1983 Sport Salmon Stamps on Validation Stubs x3,Duck Stamps,,AUCTION,https://www.ebay.com/itm/168747230716
168747230719,Scott #603 634d 670 728 (MH) US 4-Item Lot Booklet Pane Nebraska Unexpertised,1901-40: Unused,,AUCTION,https://www.ebay.com/itm/168747230719
168747230732,Scott #650 (MH) 1928 5c Aeronautics Conference Blue Top Margin Single,1901-40: Unused,,AUCTION,https://www.ebay.com/itm/168747230732
168747230734,Scott #267 (Used) 1897 2c on Cover Cadiz Ohio to Santa Barbara California,Postal History,,AUCTION,https://www.ebay.com/itm/168747230734
168747230736,Scott #620 636 660 (MNG) 1925-1929 Norse-American Washington Kans. 3-Stamp Lot,1901-40: Unused,,AUCTION,https://www.ebay.com/itm/168747230736
168747230738,Scott #C28 (MNH) 1941 15c Transport Plane Air Mail Pane of 50 Full Selvage,Air Mail,,AUCTION,https://www.ebay.com/itm/168747230738
168747230739,Scott #1341 (Used) 1968 $1 Airlift First Day Cover Seattle Washington,Other US Event Stamp Covers,,AUCTION,https://www.ebay.com/itm/168747230739
168747230740,Scott #C10 (Used) 1928 Last Day Old Air Mail Rate Cover St Louis Chicago,Other US Event Stamp Covers,,AUCTION,https://www.ebay.com/itm/168747230740
168747230746,Scott #634 (MNH) 1926 2c George Washington Single,1901-40: Unused,,AUCTION,https://www.ebay.com/itm/168747230746
168747230749,Scott #648 (MH) 1928 5c Hawaii Sesquicentennial Single,1901-40: Unused,,AUCTION,https://www.ebay.com/itm/168747230749
168747230757,Scott #597 (Used) 1931 Omaha Air Races Cachet Cover 1c Franklin Coil,Other US Event Stamp Covers,,AUCTION,https://www.ebay.com/itm/168747230757
168747230758,Scott #832 (MH) 1938 $1 Woodrow Wilson Presidential Single,1901-40: Unused,,AUCTION,https://www.ebay.com/itm/168747230758
168747230761,Scott #632 (MNH) 1927 1c Benjamin Franklin Rotary Press Regular Issue Single,1901-40: Unused,,AUCTION,https://www.ebay.com/itm/168747230761
168747230764,Scott #15 (MNG) Ryukyu Islands 3.00 Pine Afforestation single,Possessions,,AUCTION,https://www.ebay.com/itm/168747230764
168747230768,Scott #319 320 321 322 323 324 325 (MNH) Philippines Palace of Legislature Set,Possessions,,AUCTION,https://www.ebay.com/itm/168747230768
168747230769,Scott #C7 C21 (Used) 1937 FAM-14 First Flight Cover Guam to Macao,First Flight,,AUCTION,https://www.ebay.com/itm/168747230769
168747230772,Scott #212 (MH) 1887 1c Franklin Ultramarine American Bank Note Perf 12,19th Century: Unused,,AUCTION,https://www.ebay.com/itm/168747230772
168747230773,Scott #C10a (MNH) 1928 Lindbergh Air Mail 10c Booklet Single,Air Mail,,AUCTION,https://www.ebay.com/itm/168747230773
168747230776,Scott #838 (Used) 1939 Iowa Centennial Pair on Sacramento Air Mail Cover,Postal History,,AUCTION,https://www.ebay.com/itm/168747230776
168747230782,Scott #C7 C21 (Used) 1937 FAM-14 First Flight Cover Guam to Hong Kong,First Flight,,AUCTION,https://www.ebay.com/itm/168747230782
168747230783,Scott #236 (MH) 1893 8c Magenta Columbian Columbus Restored to Favor,19th Century: Unused,,AUCTION,https://www.ebay.com/itm/168747230783
168747230790,Scott #230 (MH) 1893 1c Deep Blue Columbian Columbus in Sight of Land,19th Century: Unused,,AUCTION,https://www.ebay.com/itm/168747230790
168747230792,Scott #680 (Used) 1929 Wright Brothers 26th Anniversary Flight Cover Pair,Other US Event Stamp Covers,,AUCTION,https://www.ebay.com/itm/168747230792
168747230793,Scott #C10 (Used) 1928 Jackson Michigan Air Meet Cover to Chile CAM 17,First Flight,,AUCTION,https://www.ebay.com/itm/168747230793
168747230795,Scott #641 (MNH) 1927 9c Thomas Jefferson Rotary Press Regular Issue Single,1901-40: Unused,,AUCTION,https://www.ebay.com/itm/168747230795
168747230796,Scott #C10 (Used) 1927 Lindbergh First Day Covers Little Falls MN Lot of 2,Pre-1930,,AUCTION,https://www.ebay.com/itm/168747230796
168747230797,Scott #J85a (MNH) 1931 Postage Due 30c Scarlet Rotary Press Single,Other US Back of Book Stamps,,AUCTION,https://www.ebay.com/itm/168747230797
168747230800,Scott #639 (MNH) 1927 7c William McKinley Rotary Press Regular Issue Single,1901-40: Unused,,AUCTION,https://www.ebay.com/itm/168747230800
168747230801,1c Franklin (Used) 1912 Price Compound Co Minneapolis Advertising Cover,Postal History,,AUCTION,https://www.ebay.com/itm/168747230801
168747230802,Scott #635 (MNH) 1927 3c Abraham Lincoln Rotary Press Regular Issue Single,1901-40: Unused,,AUCTION,https://www.ebay.com/itm/168747230802
168747230805,Scott #638 (MNH) 1927 6c James A. Garfield Rotary Press Single Deeper Shade,1901-40: Unused,,AUCTION,https://www.ebay.com/itm/168747230805
168747230808,Scott #C28 (MNH) 1941 15c Transport Plane Air Mail Pane of 50 Plate 22764,Air Mail,,AUCTION,https://www.ebay.com/itm/168747230808
168747230814,Scott #633 (MNH) 1927 1-1/2c Warren G. Harding Rotary Press Regular Issue Single,1901-40: Unused,,AUCTION,https://www.ebay.com/itm/168747230814
168747230815,Scott #230 (Used) 1893 1c Columbian Pair on Cover Connecticut to Jersey City,Postal History,,AUCTION,https://www.ebay.com/itm/168747230815
168747230817,Scott #496 (Used) 1919 5c Washington Blue Coil Perf 10 Vertically,1901-Now: Used,,AUCTION,https://www.ebay.com/itm/168747230817
168747230821,Scott #621 (MH) 1925 5c Viking Ship Norse-American Issue Single,1901-40: Unused,,AUCTION,https://www.ebay.com/itm/168747230821
168747230826,Scott #627 627 C23 C28 (MH) 1926-1941 Sesquicentennial and Air Mail lot of 4,Air Mail,,AUCTION,https://www.ebay.com/itm/168747230826
168747230827,Scott #806 (Used) 1938 Monterey California AM 11 First Flight,First Flight,,AUCTION,https://www.ebay.com/itm/168747230827
168747230833,Scott #632 (Used) 1934 Birmingham Alabama Air Mail Week Cachet Cover,Other US Event Stamp Covers,,AUCTION,https://www.ebay.com/itm/168747230833
168747230834,Scott #647 (MH) 1928 2c Hawaii Sesquicentennial Single,1901-40: Unused,,AUCTION,https://www.ebay.com/itm/168747230834
168747230837,Scott #650 (MNH) 1928 5c Globe and Airplane Single,1901-40: Unused,,AUCTION,https://www.ebay.com/itm/168747230837
168747230838,Scott #646 (MNH) 1928 2c Molly Pitcher Battle of Monmouth Issue Single,1901-40: Unused,,AUCTION,https://www.ebay.com/itm/168747230838
168747230843,Scott #182 (MNG) 1879 1c Franklin Bank Note Soft Paper No Gum Perf 12,19th Century: Unused,,AUCTION,https://www.ebay.com/itm/168747230843
168747230846,Scott #549 (MNH) 1920 2c Carmine Rose Pilgrim Tercentenary Pair,1901-40: Unused,,AUCTION,https://www.ebay.com/itm/168747230846
168747230852,Scott #637 (MNH) 1927 5c Theodore Roosevelt Rotary Press Regular Issue Single,1901-40: Unused,,AUCTION,https://www.ebay.com/itm/168747230852
168747230855,Scott #664 (MNG) 1929 6c James A. Garfield overprinted Kans. Single,1901-40: Unused,,AUCTION,https://www.ebay.com/itm/168747230855
168747230860,Scott #C8 (Used) 1930 FAM-8 First Flight Cover Brownsville to Honduras,First Flight,,AUCTION,https://www.ebay.com/itm/168747230860
168747230877,1972 Angel Derby Air Race Flight Cover (Used) Ottawa to Fort Lauderdale,Covers,,AUCTION,https://www.ebay.com/itm/168747230877
168747230882,Scott #C9 (MH) 1927 20c Map and Mail Planes Air Mail Single,Air Mail,,AUCTION,https://www.ebay.com/itm/168747230882
168747230885,Scott #423 (MH) 1937 Philippines 4 Pesos Montalban Gorge Commonwealth Overprint,Possessions,,AUCTION,https://www.ebay.com/itm/168747230885
168747230887,Scott #619 (MH) 1925 5c The Minute Man Lexington-Concord Issue Single,1901-40: Unused,,AUCTION,https://www.ebay.com/itm/168747230887
168747230897,Scott #620 (MNH) 1925 2c Sloop Restaurationen Norse-American Issue Single,1901-40: Unused,,AUCTION,https://www.ebay.com/itm/168747230897
168747230906,Scott #671 (Used) 1931 2c Nebr. Overprint bank advertising cover,Postal History,,AUCTION,https://www.ebay.com/itm/168747230906
168747230907,Scott #650 (Used) 1929 Aeronautics Conference Airmail Special Delivery Cover,Postal History,,AUCTION,https://www.ebay.com/itm/168747230907
168747230909,Scott #C10 (Used) 1928 CAM 1 Airplane Motorcycle Courier Cover Westfield,First Flight,,AUCTION,https://www.ebay.com/itm/168747230909
168747230924,Scott #661 (MNG) 1929 3c Abraham Lincoln overprinted Kans. Single,1901-40: Unused,,AUCTION,https://www.ebay.com/itm/168747230924
168747230944,Scott #622 629 631 633 656 680 (MH) 1926-1929 US 6-Stamp Lot,1901-40: Unused,,AUCTION,https://www.ebay.com/itm/168747230944
168747230962,Scott #618 (MNH) 1925 2c Birth of Liberty Lexington-Concord Issue Single,1901-40: Unused,,AUCTION,https://www.ebay.com/itm/168747230962
168747231006,Scott #623 (MH) 1925 17c Woodrow Wilson Single,1901-40: Unused,,AUCTION,https://www.ebay.com/itm/168747231006
168752053135,Scott #713 (MNH) 1932 8c Olive Bister Washington Bicentennial,1901-40: Unused,,FIXED_PRICE,https://www.ebay.com/itm/168752053135
168756442150,Scott #R5c US Revenue 1862 2c Bank Check Washington Blue Old Paper Perf 12 Used,Revenues,,AUCTION,https://www.ebay.com/itm/168756442150
168756442152,Scott #R34c-R36c 1862-71 10c Washington Blue Revenue Lot of 4 Used Manuscript,Revenues,,AUCTION,https://www.ebay.com/itm/168756442152
168756442173,Scott #R162-R171 1898 Battleship Documentary Revenues  1/2c to 50c : Lot of 8,Revenues,,AUCTION,https://www.ebay.com/itm/168756442173
168756442187,Western Union Telegraph Franks Lot of 10 Complimentary 1924-1931 5c 25c MH,Revenues,,AUCTION,https://www.ebay.com/itm/168756442187
168756442189,Scott #R85 1862-71 $3 Charter Party Revenue 2 Stamps Manuscript Cancel Used,Revenues,,AUCTION,https://www.ebay.com/itm/168756442189
168756442197,Scott #RD95 US Series 1941 4c Stock Transfer Gallatin Green Perfin Cancel Used,Revenues,,AUCTION,https://www.ebay.com/itm/168756442197
168756442200,Scott #R58c US 1862 50c Life Insurance Blue Old Paper Perf 12 Punch Cancel Used,Revenues,,AUCTION,https://www.ebay.com/itm/168756442200
168756442207,Scott #R247 1917 $60 Documentary Revenue Lincoln Blue Serial Punch Cancel Used,Revenues,,AUCTION,https://www.ebay.com/itm/168756442207
168756442218,Scott #R731 $100 Documentary Washington 2 Stamps Mint + Manuscript Cancel,Revenues,,AUCTION,https://www.ebay.com/itm/168756442218
168756442219,Scott #1T9 1T10 1T12 American Rapid Telegraph Collect 1c 5c 20c Used Punched,Revenues,,AUCTION,https://www.ebay.com/itm/168756442219
168756442228,Scott #RD108 Stock Transfer $2 Documentary 1918-22 Black Vertical Overprint Used,Revenues,,AUCTION,https://www.ebay.com/itm/168756442228
168756442240,Scott #RF23 US 1929 10c Playing Cards Revenue Blue Coil Perf 10 USPCC Red Used,Revenues,,AUCTION,https://www.ebay.com/itm/168756442240
168756442244,Scott #R3c 1862-71 1c Proprietary Washington Revenue Old Paper Manuscript Used,Revenues,,AUCTION,https://www.ebay.com/itm/168756442244
168756442247,Scott #RL1 1887 20c US Custom House NY Fees Received Silas Wright Used Revenue,Revenues,,AUCTION,https://www.ebay.com/itm/168756442247
168756442253,16T34/16T19 Western Union Telegraph Frank 1899 Eckert Pair Serial C2292 MH,Revenues,,AUCTION,https://www.ebay.com/itm/168756442253
168756442255,Scott #PN1-PN18 1945 Postal Note 12 Different 1c to 90c Used Partial Set BOB,Revenues,,AUCTION,https://www.ebay.com/itm/168756442255
168756442260,Test Stamp FOR TESTING PURPOSES ONLY Black Ornate Frame Cinderella Label Unused,Revenues,,AUCTION,https://www.ebay.com/itm/168756442260
168756442262,Scott #RB1b 1874 1c Proprietary Revenue Washington Green Paper Manuscript Cancel,Revenues,,AUCTION,https://www.ebay.com/itm/168756442262
168756442264,Western Union Telegraph Franks Lot of 8 Complimentary 1919-1945 5c 25c MNH,Revenues,,AUCTION,https://www.ebay.com/itm/168756442264
168756442276,Cordials Wines Etc Series of 1914 Internal Revenue 5 Stamps 1/2c-40c MNH & Used,Revenues,,AUCTION,https://www.ebay.com/itm/168756442276
168756442277,Scott #R49c R50c 1862-71 25c Certificate & Power of Attorney 3 Stamps Used,Revenues,,AUCTION,https://www.ebay.com/itm/168756442277
168756442285,Scott #R52 1862-71 30c Inland Exchange Washington First Issue Revenue Used,Revenues,,AUCTION,https://www.ebay.com/itm/168756442285
168756442290,Scott #R34c US 1862 10c Contract Blue Old Paper Perf 12 Manuscript Cancel Used,Revenues,,AUCTION,https://www.ebay.com/itm/168756442290
168756442294,Scott #R155/R155b (Used) 1898 2c Washington Blue I.R. Overprint War Tax Revenue,Revenues,,AUCTION,https://www.ebay.com/itm/168756442294
168756442318,Scott #R277 & R281 Revenue Used Pair VF Manuscript Cancels,Revenues,,AUCTION,https://www.ebay.com/itm/168756442318
168756917390,2005 Louisville KY Kentucky Derby 131 Cover Lot of 3 Churchill Downs 37c Flag,Other US Event Stamp Covers,,FIXED_PRICE,https://www.ebay.com/itm/168756917390
168756917395,1987 Pontiac Hamtramck Detroit MI Pope John Paul II Papal Visit Cover Lot of 3,Other US Event Stamp Covers,,FIXED_PRICE,https://www.ebay.com/itm/168756917395
168756917396,Scott #1396 1971 8c USPS Emblem Eagle Pane of 100 Plate 32918-32923 MNH,Sheets,,FIXED_PRICE,https://www.ebay.com/itm/168756917396
168756917400,Scott #1413a 1970 6c Anti-Pollution Se-Tenant Pane of 50 Plate 32251-32255 MNH,Sheets,,FIXED_PRICE,https://www.ebay.com/itm/168756917400
168756917402,Scott #1390a 1970 6c Natural History Se-Tenant Pane of 32 Plate 31736 MNH,Sheets,,FIXED_PRICE,https://www.ebay.com/itm/168756917402
168756917405,Scott #1435b 1971 8c Space Lunar Rover Se-Tenant Pane of 50 Plate 33156 MNH,Sheets,,FIXED_PRICE,https://www.ebay.com/itm/168756917405
168756917406,2011-2021 US Fish & Wildlife Duck Stamp Certificate of Appreciation Lot of 3,Duck Stamps,,FIXED_PRICE,https://www.ebay.com/itm/168756917406
168759325093,France Council of Europe 1958-1959 (MH) Officials Strasbourg Cancels Lot of 11,France & Colonies,,FIXED_PRICE,https://www.ebay.com/itm/168759325093
168759325096,GB 1844-1878 Post Office Cancels (Used) Penny Red Lot of 22 Mostly on Piece,Victoria,,FIXED_PRICE,https://www.ebay.com/itm/168759325096
168759325097,United Nations Agencies 1950s (MH) Swiss Officials Belgium 1958 FDCs Lot of 65,"Collections, Lots",,FIXED_PRICE,https://www.ebay.com/itm/168759325097
168759380848,1999 33c Daffy Duck Looney Tunes Pane of 10 Imperforate Right Stamp MNH,Sheets,,FIXED_PRICE,https://www.ebay.com/itm/168759380848
168759380849,1999 33c Daffy Duck Looney Tunes Pane of 10 Self-Adhesive MNH,Sheets,,FIXED_PRICE,https://www.ebay.com/itm/168759380849
168759380850,1998 32c Sylvester & Tweety Looney Tunes Pane of 10 Imperforate Right Stamp MNH,Sheets,,FIXED_PRICE,https://www.ebay.com/itm/168759380850
168759380855,2001 34c Porky Pig That's All Folks Looney Tunes Pane of 10 Self-Adhesive MNH,Sheets,,FIXED_PRICE,https://www.ebay.com/itm/168759380855
168759380856,2001 34c Porky Pig Looney Tunes Pane of 10 Imperforate Right Stamp MNH,Sheets,,FIXED_PRICE,https://www.ebay.com/itm/168759380856
168759380858,2000 33c Road Runner & Wile E. Coyote Looney Tunes Pane of 10 Self-Adhesive MNH,Sheets,,FIXED_PRICE,https://www.ebay.com/itm/168759380858
168759380862,US JFK Air Letter Sheets 11c 13c (MNG) Aerogrammes and 1966 Envelope Lot of 3,Postal Cards & Stationery,,FIXED_PRICE,https://www.ebay.com/itm/168759380862
168759380868,Germany Deutsches Reich 1942-1945 (MNH) OLICARD Display Card Tableau 2 Lot of 6,Germany & Colonies,,FIXED_PRICE,https://www.ebay.com/itm/168759380868
168759380871,United Nations Day 1959 (Used) First Day Souvenir Folder New York Geneva Cancels,United Nations,,FIXED_PRICE,https://www.ebay.com/itm/168759380871
168759487945,1978 US Commemorative Year Set (MNH) Sealed Pack Sandburg Tubman Mars Owls,"Collections, Lots",,FIXED_PRICE,https://www.ebay.com/itm/168759487945
168759487948,Scott #6025 6026 6027 6028 (MNH) 2025 SpongeBob SquarePants Forever Pane of 16,Sheets,,FIXED_PRICE,https://www.ebay.com/itm/168759487948
168759487949,Scott #6029 6030 (MNH) 2025 Boston World Stamp Show Forever Pane of 20 Plate B1,Sheets,,FIXED_PRICE,https://www.ebay.com/itm/168759487949
168759487953,Panama Scott #C329 (MNH) 1964 Dag Hammarskjold UN Day Imperf Souvenir Sheet,Panama,,FIXED_PRICE,https://www.ebay.com/itm/168759487953
168759487954,Scott #6029 6030 (MNH) 2025 Boston World Stamp Show Forever Pane of 20 Plate B1,Sheets,,FIXED_PRICE,https://www.ebay.com/itm/168759487954
168759530334,2012 Innovative Choreographers (MNH) Pane of 20 Duncan Limon Dunham Fosse,Sheets,,FIXED_PRICE,https://www.ebay.com/itm/168759530334
168759530336,2012 Arizona Statehood Centennial (MNH) Forever Pane of 20 1912-2012 Red Rocks,Sheets,,FIXED_PRICE,https://www.ebay.com/itm/168759530336
168759530337,2012 Earthscapes (MNH) Forever Pane of 15 Aerial Views Urban Rural Minor Crease,Sheets,,FIXED_PRICE,https://www.ebay.com/itm/168759530337
168759530338,2012 Earthscapes (MNH) Forever Pane of 15 Aerial Views Natural Urban Creased,Sheets,,FIXED_PRICE,https://www.ebay.com/itm/168759530338
168759530339,1906 Fish Story Installment Postcards Lot of 2 Chicago Morgan Park IL Postmarks,Postal History,,FIXED_PRICE,https://www.ebay.com/itm/168759530339
168759530340,2012 Major League Baseball All-Stars (MNH) Forever Pane of 20 DiMaggio Williams,Sheets,,FIXED_PRICE,https://www.ebay.com/itm/168759530340
168759530341,2011 Ronald Reagan Centennial (MNH) Forever Pane of 20 Portrait with Signature,Sheets,,FIXED_PRICE,https://www.ebay.com/itm/168759530341
168759547000,Classic Europe Lot of 5 Netherlands Scott J2 21 49 Spain 1878 Denmark 100 Ore,"Collections, Lots",,FIXED_PRICE,https://www.ebay.com/itm/168759547000
168759567883,Japan Scott #479 (MH) 1949 8y Moon and Geese Hiroshige Philatelic Week Purple,Japan,,FIXED_PRICE,https://www.ebay.com/itm/168759567883
168759699120,Scott #803-831 1938 Presidential Prexie Set of 29 MNH 1/2c-50c 3 Plate Numbers,1901-40: Unused,,FIXED_PRICE,https://www.ebay.com/itm/168759699120
168759699121,Scott #1842 1980 Christmas Madonna and Child 15c Full Sheet of 50 Plate Numbers,Sheets,,FIXED_PRICE,https://www.ebay.com/itm/168759699121
168759699122,1932-35 US Collection 6 Album Pages 39 Stamps Washington Bicentennial Byrd Sheet,1901-40: Unused,,FIXED_PRICE,https://www.ebay.com/itm/168759699122
168765226574,Scott #1928-31 American Architecture 1981 18c Se-tenant Pane of 40 MNH Sullivan,Sheets,,AUCTION,https://www.ebay.com/itm/168765226574
168765226577,Scott #1794 1979 15c Olympics Sheet of 50 Four Sports Plate 39089-39094 MNH,Sheets,,AUCTION,https://www.ebay.com/itm/168765226577
168765226589,Scott #2338 1987 22c New Jersey Statehood Bicentennial Pane of 50 MNH A11111,Sheets,,AUCTION,https://www.ebay.com/itm/168765226589
168765226599,Scott #1529 1541a 1546a x2 1974 Skylab Minerals Bicentennial MNH : LOT OF4,Sheets,,AUCTION,https://www.ebay.com/itm/168765226599
168765226600,Scott #2239 1986 22c T.S. Eliot Literary Arts Full Sheet of 50 MNH Nobel Poet,Sheets,,AUCTION,https://www.ebay.com/itm/168765226600
168765226604,Scott #1683 1976 13c Bell Telephone Centennial Pane of 50 Plate 37295 Mr. ZIP,Sheets,,AUCTION,https://www.ebay.com/itm/168765226604
168765226640,Scott #1710 1977 13c Lindbergh Spirit of St Louis Sheet of 50 MNH Plate 37933-38,Sheets,,AUCTION,https://www.ebay.com/itm/168765226640
168765226648,Scott #1801 1979 15c Will Rogers Performing Arts MNH Sheet 50 Plate 39080-39085,Sheets,,AUCTION,https://www.ebay.com/itm/168765226648
168765226653,Scott #1690 1976 13c Benjamin Franklin Bicentennial MNH Sheet of 50 Plate 37338,Sheets,,AUCTION,https://www.ebay.com/itm/168765226653
168765226657,Scott #1192 Arizona Statehood 1962 4c Full Sheet of 50 MNH Saguaro Cactus 27127,Sheets,,AUCTION,https://www.ebay.com/itm/168765226657
168765226661,Scott #1594 1977 12c Freedom of Conscience Americana Sheet 100 Plate 37930 MNH,Sheets,,AUCTION,https://www.ebay.com/itm/168765226661
168765226667,Scott #1832 1980 15c Edith Wharton Literary Arts Pane of 50 MNH Plate 39395,Sheets,,AUCTION,https://www.ebay.com/itm/168765226667
168765226668,Scott #1786a 1979 15c Endangered Flora Se-Tenant Sheet 50 MNH Trillium Primrose,Sheets,,AUCTION,https://www.ebay.com/itm/168765226668
168765226670,Scott #2159 1985 22c Public Education in America Sheet of 50 Plate A11111 MNH,Sheets,,AUCTION,https://www.ebay.com/itm/168765226670
168765226672,Scott #2164 Help End Hunger 1985 22c Full Sheet of 50 MNH Plate Block A11111,Sheets,,AUCTION,https://www.ebay.com/itm/168765226672
168765226675,Scott #2114 1985 22c Flag Over Capitol Definitive Sheet of 100 Plate 3 MNH,Sheets,,AUCTION,https://www.ebay.com/itm/168765226675
168765226684,Scott #1928 1929 1930 1931 (MNH) 1981 18c American Architecture Sheet of 40,Sheets,,AUCTION,https://www.ebay.com/itm/168765226684
168765226689,Scott #2335a 1987 22c North American Wildlife Pane 50 Species + USPS Folder MNH,Sheets,,AUCTION,https://www.ebay.com/itm/168765226689
168765226696,Scott #2146 1985 22c Abigail Adams Sheet of 50 Plate 1111 Full Selvage MNH,Sheets,,AUCTION,https://www.ebay.com/itm/168765226696
168765226703,Scott #1803 1980 15c W.C. Fields Performing Arts Full Sheet of 50 MNH Comedian,Sheets,,AUCTION,https://www.ebay.com/itm/168765226703
168765226713,Scott #1810a Letter Writing 1980 15c Se-Tenant Sheet of 60 Plate 39231-36 MNH,Sheets,,AUCTION,https://www.ebay.com/itm/168765226713
168765226717,Scott #1581 1977 1c Americana Inkwell & Quill Pane of 100 Plate 38251 Blue,Sheets,,AUCTION,https://www.ebay.com/itm/168765226717
168765226719,Scott #1821 1980 15c Frances Perkins  Sheet 50 Plate 39273 MNH,Sheets,,AUCTION,https://www.ebay.com/itm/168765226719
168765226724,Scott #1016 1017 1018 1019 (MNH) 1952-53 U.S. Commemorative Lot of 4  220 stamps,Sheets,,AUCTION,https://www.ebay.com/itm/168765226724
168765226726,Scott #1582 1977 2c Americana Speaker's Stand Sheet of 100 Plate 38602 MNH,Sheets,,AUCTION,https://www.ebay.com/itm/168765226726
168765226731,Scott #1557 1560 1561 1562 1975 Mariner 10 & Bicentennial 4 Sheets of 50 MNH,Sheets,,AUCTION,https://www.ebay.com/itm/168765226731
168765226733,Scott #2145 1986 22c AMERIPEX 86 Franklin Chicago Stamp Show Sheet of 48 MNH,Sheets,,AUCTION,https://www.ebay.com/itm/168765226733
168765226742,Scott #2340 1988 22c Connecticut Statehood Bicentennial Sheet of 50 Ship MNH,Sheets,,AUCTION,https://www.ebay.com/itm/168765226742
168765226745,Scott #981 982 983 984 985 [MNH]1950s Commemoratives: 5 FULL SHEETS : 250 STAMPS,Sheets,,AUCTION,https://www.ebay.com/itm/168765226745
168765226748,Scott #1733b 1732-33 1978 13c Captain Cook Alaska Hawaii Sheet of 50 MNH 38385,Sheets,,AUCTION,https://www.ebay.com/itm/168765226748
168765226750,Scott# 2211 - 1986 22c Duke Ellington (MNH) / XF) Centering &  Vibrant Color,Sheets,,AUCTION,https://www.ebay.com/itm/168765226750
168765226751,Scott #1577-1578 1975 10c Banking and Commerce Sheet of 40 Plate 36846 MNH,Sheets,,AUCTION,https://www.ebay.com/itm/168765226751
168765226753,Scott #1564 1570a 1578a 1579 1975 Apollo Soyuz Bunker Hill Christmas Sheets MNH,Sheets,,AUCTION,https://www.ebay.com/itm/168765226753
168765226767,Scott #2342 1988 22c Maryland Statehood Full Sheet of 50 MNH Plate Block 11111,Sheets,,AUCTION,https://www.ebay.com/itm/168765226767
168765226768,"Scott #1691-1694 MNH 1976 Declaration Se-Tenant Sheet of 50 Plate Nos, Flaws",Sheets,,AUCTION,https://www.ebay.com/itm/168765226768
168765226780,Scott# 1830a - (Scott# 1827-30) - 1980 15c Coral Reefs (MNH) / (XF) centering,Sheets,,AUCTION,https://www.ebay.com/itm/168765226780
168765226820,Scott #1379a 6c Botanical Congress Se-Tenant Full Sheet of 50 MNH Plate 30973,Sheets,,AUCTION,https://www.ebay.com/itm/168765226820
168765226828,Scott #1753 1978 13c French Alliance Bicentennial Sheet of 40 Plate 38535 MNH,Sheets,,AUCTION,https://www.ebay.com/itm/168765226828
168765226833,Scott #1006 #1007 #1008 #1009 -  1952 MNH :  Lot of 4 Sheets - 250 Stamps Total,Sheets,,AUCTION,https://www.ebay.com/itm/168765226833
168765226834,Scott #1790 10c Olympics 1980 Decathlon Javelin Pane of 50 MNH Plate 39111-16,Sheets,,AUCTION,https://www.ebay.com/itm/168765226834
168765226835,Scott #1703 1976 Christmas 13c Currier Winter Pastime Sheet of 50 MNH,Sheets,,AUCTION,https://www.ebay.com/itm/168765226835
168765226836,Scott #1480-1483 1973 8c Boston Tea Party Se-Tenant Sheet of 50 Plate 34250 MNH,Sheets,,AUCTION,https://www.ebay.com/itm/168765226836
168765226837,Scott #1925 1981 18c Disabled Doesn't Mean Unable Sheet of 50 Full Selvage MNH,Sheets,,AUCTION,https://www.ebay.com/itm/168765226837
168765226845,Scott #1730 1977 13c US Christmas Mailbox MNH Full Sheet of 100 Plate Numbers,Sheets,,AUCTION,https://www.ebay.com/itm/168765226845
168765226849,Scott #1480-1483 1973 8c Boston Tea Party Se-Tenant Sheet of 50 Plate 34252 MNH,Sheets,,AUCTION,https://www.ebay.com/itm/168765226849
168765226852,Scott #1480-1483 1973 8c Boston Tea Party Se-Tenant Sheet of 50 Plate 34250 MNH,Sheets,,AUCTION,https://www.ebay.com/itm/168765226852
168765226870,Scott #2002b 20c 50 State Birds & Flowers MNH Full Sheet Plate 22222 w/Folder,Sheets,,AUCTION,https://www.ebay.com/itm/168765226870
168765226871,Scott #2176 1987 14c Julia Ward Howe Great Americans Full Sheet of 100 MNH,Sheets,,AUCTION,https://www.ebay.com/itm/168765226871
168765226877,Scott# 1688 - Washington Crossing the Delaware 1976 24c Souvenir Sheet MNH,Sheets,,AUCTION,https://www.ebay.com/itm/168765226877
168765226878,Scott #1134 1135 1136 1138 1959 4c Plate Number Sheets of 50 & 70 MNH Lot of 4,Sheets,,AUCTION,https://www.ebay.com/itm/168765226878
168765226884,Scott #1622 1975 13c Flag Over Independence Hall Sheet of 100 Plate 39913 MNH,Sheets,,AUCTION,https://www.ebay.com/itm/168765226884
168765226885,Scott #1368a 1969 6c Beautification of America Pane of 50 MNH Plate 30627 Mr ZIP,Sheets,,AUCTION,https://www.ebay.com/itm/168765226885
168765226886,Scott# 1789 - 1979 15c John Paul Jones (MNH) / Rich Inks Remain Unfaded,Sheets,,AUCTION,https://www.ebay.com/itm/168765226886
168765226890,Scott #1068 1079 1081 1082 1955-56 3c US Plate Number Sheets of 50 MNH Lot of 4,Sheets,,AUCTION,https://www.ebay.com/itm/168765226890
168765226893,Scott #1193 1194 1962 4c Project Mercury x2 + Malaria Lot of 3 Full Sheets MNH,Sheets,,AUCTION,https://www.ebay.com/itm/168765226893
168765226899,Scott #1094 1098 1131 1133 MNH  1957-59 : 4 Sheets of 50 : 200 Stamps Total,Sheets,,AUCTION,https://www.ebay.com/itm/168765226899
168765226903,Scott #1480-1483 1973 8c Boston Tea Party Se-Tenant Sheet of 50 Plate 34250 MNH,Sheets,,AUCTION,https://www.ebay.com/itm/168765226903
168765226910,Scott #1687 18c Declaration of Independence Trumbull Souvenir Sheet of 5 MNH,Sheets,,AUCTION,https://www.ebay.com/itm/168765226910
168765226913,Scott #1729 1977 13c Christmas Valley Forge MNH Full Sheet 100 Plate 37892-37896,Sheets,,AUCTION,https://www.ebay.com/itm/168765226913
168765226915,Scott #1452 1463 1474 Wolf Trap PTA Stamp Collecting 1972 MNH : 5 Full Sheets,Sheets,,AUCTION,https://www.ebay.com/itm/168765226915
168765226917,Scott #2204 Republic of Texas 1986 22c San Jacinto Full Sheet of 50 MNH A111,Sheets,,AUCTION,https://www.ebay.com/itm/168765226917
168765226920,Scott #2002b 20c 50 State Birds & Flowers MNH Sealed USPS Mint Set 801 w/Mounts,Sheets,,AUCTION,https://www.ebay.com/itm/168765226920
168765226925,Scott# 1771 - 1979 15c Black Heritage: Martin Luther King Jr. (MNH) /,Sheets,,AUCTION,https://www.ebay.com/itm/168765226925
168765226929,Scott #2249 1987 22c Jean Baptiste Pointe Du Sable Black Heritage Pane 50 MNH,Sheets,,AUCTION,https://www.ebay.com/itm/168765226929
168765226933,Scott #1818 B Rate Eagle Non-Denominated MNH Full Sheet of 100 Plate 36470,Sheets,,AUCTION,https://www.ebay.com/itm/168765226933
168765226939,Scott #1686 1976 13c Yorktown Surrender Trumbull Souvenir Sheet of 5 MNH,Sheets,,AUCTION,https://www.ebay.com/itm/168765226939
168765226942,4 US Full Sheets 250 Stamps 1968-71 Historic Flags Botanical White House MNH,Sheets,,AUCTION,https://www.ebay.com/itm/168765226942
168765226947,Scott #1484 1486 1500 1527 (MNH) 1973-74 American Arts & EXPO    Lot of 4,Sheets,,AUCTION,https://www.ebay.com/itm/168765226947
168765226948,Scott #1354a 1968 6c Historic American Flags Se-Tenant 10 Sheet of 50 MNH,Sheets,,AUCTION,https://www.ebay.com/itm/168765226948
168765226952,Scott #1025 + #1026 x2 1953 MNH : Patton X2 + Trucking Industry :  3 Full Sheets,Sheets,,AUCTION,https://www.ebay.com/itm/168765226952
168765226954,Scott #1754 Early Cancer Detection Pap Test 1978 13c Sheet of 50 MNH Medical,Sheets,,AUCTION,https://www.ebay.com/itm/168765226954
168765226955,Scott #1823 1980 15c US Emily Bissell Tuberculosis MNH Sheet of 50 Plate 39285,Sheets,,AUCTION,https://www.ebay.com/itm/168765226955
168765226961,Scott #1480-1483 1973 8c Boston Tea Party Se-Tenant Sheet of 50 Plate 34252 MNH,Sheets,,AUCTION,https://www.ebay.com/itm/168765226961
168765226980,Scott #1701 Christmas 13c Copley Boston Museum Nativity Sheet of 50 MNH,Sheets,,AUCTION,https://www.ebay.com/itm/168765226980
168765226983,Scott #1550 1551 1552 1552 1974 10c US Christmas Plate Number Sheets of 50 MNH,Sheets,,AUCTION,https://www.ebay.com/itm/168765226983
168765226985,Scott #1685 1976 13c Chemistry Centenary MNH Sheet of 50 Plate Strip 36963-36968,Sheets,,AUCTION,https://www.ebay.com/itm/168765226985
168765226995,Scott #1199 1200 1201 1202 1962 4c  Sheets of 50 MNH Lot of 4 = 200 stamps,Sheets,,AUCTION,https://www.ebay.com/itm/168765226995
168765227009,Scott #1755 Jimmie Rodgers Singing Brakeman 1978 13c Sheet of 50 MNH Country,Sheets,,AUCTION,https://www.ebay.com/itm/168765227009
168765227017,Scott #1552 1974 Peace on Earth Christmas Precancel Self-Adhesive MNH 4 Panes 50,Sheets,,AUCTION,https://www.ebay.com/itm/168765227017
168765227022,Scott #1632 1976 13c Interphil 76 Philadelphia Expo Pane of 50 MNH Plate 36960,Sheets,,AUCTION,https://www.ebay.com/itm/168765227022
168765227050,Scott #2147 1985 Bartholdi Statue of Liberty Pane of 50 MNH Plate 2222 Mr Zip,Sheets,,AUCTION,https://www.ebay.com/itm/168765227050
168765227057,Scott #1934 1981 18c Frederic Remington Western Art Sculptor Sheet of 50 MNH,Sheets,,AUCTION,https://www.ebay.com/itm/168765227057
168765227073,Scott #1179 1190 1191 1192 (MNH) 1961-62 U.S. Commemorative Full Sheets Lot of 4,Sheets,,AUCTION,https://www.ebay.com/itm/168765227073
168765227346,Scott #1778a Pennsylvania Toleware Folk Art 1979 15c Pane of 40 MNH Coffee Pot,Sheets,,AUCTION,https://www.ebay.com/itm/168765227346
168765227444,Scott #1480-1483 1973 8c Boston Tea Party Se-Tenant Sheet of 50 Plate 34250 MNH,Sheets,,AUCTION,https://www.ebay.com/itm/168765227444
168765330049,Scott #147 US 1870 3c Washington Green National Bank Note No Grill Perf 12 Used,19th Century: Used,,AUCTION,https://www.ebay.com/itm/168765330049
168765330054,Scott #516 US 1917 30c Franklin Orange Red Circle Perfin Perf 11 Used,1901-Now: Used,,AUCTION,https://www.ebay.com/itm/168765330054
168765330063,Scott #237 1893 10c Columbian Exposition Columbus Presenting Natives Used,19th Century: Used,,AUCTION,https://www.ebay.com/itm/168765330063
168765330069,Scott #R37c 1862-71 10c Power of Attorney Washington Blue Manuscript Used,Revenues,,AUCTION,https://www.ebay.com/itm/168765330069
168765330075,Scott #3899 2005 37c Nature of America Northeast Deciduous Forest Pane of 10 MNH,Sheets,,AUCTION,https://www.ebay.com/itm/168765330075
168765330082,Scott #R536-R537 Documentary Pair 1c Alexander Hamilton 2c Oliver Wolcott,Revenues,,AUCTION,https://www.ebay.com/itm/168765330082
168765330084,"India Feudatory State Court Fee 2 Annas Green - Punch & Manuscript, Unsevered",India (until 1947),,AUCTION,https://www.ebay.com/itm/168765330084
168765330096,Scott #281 1898 5c Grant Dark Blue Bureau Issue UPU Used Both Sides Shown,19th Century: Used,,AUCTION,https://www.ebay.com/itm/168765330096
168765330097,Scott #3831 2004 37c Nature of America Pacific Coral Reef Pane of 10 MNH,Sheets,,AUCTION,https://www.ebay.com/itm/168765330097
168765330100,Scott #3910 2005 37c Masterworks Modern American Architecture Pane of 12 MNH,Sheets,,AUCTION,https://www.ebay.com/itm/168765330100
168765330103,Scott #3694 37c Hawaiian Missionary Stamps of 1851-1853 Souvenir Sheet of 4 MNH,Sheets,,AUCTION,https://www.ebay.com/itm/168765330103
168765330117,Scott #221 US 1890 3c Jackson Purple Small Banknote ABNC Pen Cancel Used,19th Century: Used,,AUCTION,https://www.ebay.com/itm/168765330117
168765330129,Scott #3190 2000 33c Celebrate the Century 1980s Sheet of 15 MNH Berlin Wall,Sheets,,AUCTION,https://www.ebay.com/itm/168765330129
168765330131,Scott #R54c US 1862 50c Conveyance Blue Old Paper Perf 12 Manuscript Cancel Used,Revenues,,AUCTION,https://www.ebay.com/itm/168765330131
168765330148,Scott #3105 1996 32c Endangered Species Panther Manatee Pane of 15 P3333 MNH,Sheets,,AUCTION,https://www.ebay.com/itm/168765330148
168765330162,Scott #215 1888 Andrew Jackson 4c Carmine Bank Note Issue 19th Century Used,19th Century: Used,,AUCTION,https://www.ebay.com/itm/168765330162
168765330165,Scott #1T1 1T3 1T4 1881 Am Rapid Telegraph Telegram 1c 5c 10c Lot of 3 Perf 12,Revenues,,AUCTION,https://www.ebay.com/itm/168765330165
168773718936,Scott #R27c 1862-71 5c Washington First Issue Revenue Lot of 4 Four Duties Used,Revenues,,AUCTION,https://www.ebay.com/itm/168773718936
168773725177,Scott #R27c 1862-71 5c Washington First Issue Revenue Lot of 1 - May Date,Revenues,,FIXED_PRICE,https://www.ebay.com/itm/168773725177
